PLAYER_ID,PLAYER_NAME,TEAM_NAME,POSITION,HEIGHT,WEIGHT,COUNTRY,BIRTHDATE,SEASON_EXP,DRAFT_NUMBER,GP,MIN,PTS,REB,AST,STL,BLK,GAME_DATE,SALARY,AGE
1630173,Precious Achiuwa,Raptors,Forward,203,102.0,Nigeria,1999-09-19,1,20,134,18.4,7.2,5.1,0.8,0.4,0.5,2022-04-23,2711280,"years=+22, months=+7, days=+5"
203500,Steven Adams,Grizzlies,Center,211,120.0,New Zealand,1993-07-20,8,12,664,26.8,9.3,8.0,1.5,0.9,0.9,2022-04-23,17073171,"years=+28, months=+9, days=+4"
1628389,Bam Adebayo,Heat,Center,206,116.0,USA,1997-07-18,4,14,343,28.2,13.5,8.3,3.5,1.0,0.9,2022-04-24,28103500,"years=+24, months=+9, days=+6"
200746,LaMarcus Aldridge,Nets,Center,211,113.0,USA,1985-07-19,15,2,1076,33.7,19.1,8.1,1.9,0.7,1.1,2022-04-23,2641691,"years=+36, months=+9, days=+5"
1629638,Nickeil Alexander-Walker,Jazz,Guard,196,93.0,Canada,1998-09-02,2,17,158,19.4,9.3,2.6,2.2,0.7,0.3,2022-04-23,3261480,"years=+23, months=+7, days=+22"
1628960,Grayson Allen,Bucks,Guard,193,90.0,USA,1995-10-08,3,21,192,21.9,9.4,2.6,1.5,0.6,0.2,2022-04-24,4054695,"years=+26, months=+6, days=+16"
1628386,Jarrett Allen,Cavaliers,Center,208,110.0,USA,1998-04-21,4,22,341,26.6,11.6,8.7,1.4,0.5,1.4,,20000000,"years=+24, days=+3"
1630631,Jose Alvarado,Pelicans,Guard,183,81.0,USA,1998-04-12,0,,54,15.4,6.1,1.9,2.8,1.3,0.1,2022-04-24,1925406,"years=+24, days=+12"
203937,Kyle Anderson,Grizzlies,Forward,206,104.0,USA,1993-09-20,7,30,505,21.0,6.7,4.4,2.3,1.0,0.6,2022-04-23,9937150,"years=+28, months=+7, days=+4"
203507,Giannis Antetokounmpo,Bucks,Forward,211,110.0,Greece,1994-12-06,8,15,656,32.6,21.8,9.4,4.6,1.2,1.3,2022-04-24,39344900,"years=+27, months=+4, days=+18"
203648,Thanasis Antetokounmpo,Bucks,Forward,198,99.0,Greece,1992-07-18,3,51,127,9.1,3.1,2.0,0.7,0.4,0.2,2022-04-24,1729217,"years=+29, months=+9, days=+6"
2546,Carmelo Anthony,Lakers,Forward,201,108.0,USA,1984-05-29,18,3,1260,34.5,22.5,6.2,2.7,1.0,0.5,,2641691,"years=+37, months=+10, days=+26"
1630175,Cole Anthony,Magic,Guard,190,84.0,USA,2000-05-15,1,15,112,29.8,14.9,5.1,5.0,0.7,0.3,,3449400,"years=+21, months=+11, days=+9"
1628384,OG Anunoby,Raptors,Forward,201,105.0,United Kingdom,1997-07-17,4,23,301,26.8,10.4,4.1,1.4,1.1,0.5,2022-04-23,16071429,"years=+24, months=+9, days=+7"
1627853,Ryan Arcidiacono,Bulls,Guard,190,88.0,USA,1994-03-26,4,,217,17.2,4.6,2.0,2.1,0.5,0.0,,774727,"years=+28, days=+29"
1630166,Deni Avdija,Wizards,Forward,206,95.0,Israel,2001-01-03,1,9,136,23.8,7.6,5.1,1.7,0.7,0.4,,4692840,"years=+21, months=+3, days=+21"
1629028,Deandre Ayton,Suns,Center,211,113.0,Bahamas,1998-07-23,3,1,236,30.7,16.3,10.5,1.6,0.7,1.0,2022-04-24,12632950,"years=+23, months=+9, days=+1"
1628962,Udoka Azubuike,Jazz,Center,213,122.0,Nigeria,1999-09-17,1,27,32,7.9,3.0,2.6,0.0,0.1,0.5,2022-04-23,2075880,"years=+22, months=+7, days=+7"
1630163,LaMelo Ball,Hornets,Guard,201,82.0,USA,2001-08-22,1,3,126,30.9,18.3,6.4,7.0,1.6,0.4,,8231760,"years=+20, months=+8, days=+2"
1628366,Lonzo Ball,Bulls,Guard,198,86.0,USA,1997-10-27,4,2,252,32.5,11.9,5.7,6.2,1.6,0.6,2022-04-24,18604651,"years=+24, months=+5, days=+28"
1628964,Mo Bamba,Magic,Center,213,105.0,USA,1998-05-12,3,6,226,18.6,7.7,6.1,0.9,0.4,1.4,,7568743,"years=+23, months=+11, days=+12"
1630217,Desmond Bane,Grizzlies,Guard,196,98.0,USA,1998-06-25,1,30,144,26.3,14.0,3.8,2.3,0.9,0.3,2022-04-23,2033160,"years=+23, months=+9, days=+30"
1630625,Dalano Banton,Raptors,Forward,201,93.0,Canada,1999-11-07,0,46,64,10.9,3.2,1.9,1.5,0.4,0.2,2022-04-23,925258,"years=+22, months=+5, days=+17"
203084,Harrison Barnes,Kings,Forward,203,102.0,USA,1992-05-30,9,7,747,31.8,14.1,5.1,1.8,0.7,0.2,,20284091,"years=+29, months=+10, days=+25"
1630567,Scottie Barnes,Raptors,Forward,201,102.0,USA,2001-08-01,0,4,74,35.4,15.3,7.5,3.5,1.1,0.7,2022-04-23,7280400,"years=+20, months=+8, days=+23"
1629628,RJ Barrett,Knicks,Forward,198,97.0,Canada,2000-06-14,2,3,198,33.5,17.5,5.6,2.9,0.8,0.3,,8623920,"years=+21, months=+10, days=+10"
203115,Will Barton,Nuggets,Guard,196,82.0,USA,1991-01-06,9,40,623,25.9,11.6,4.3,2.7,0.8,0.4,2022-04-24,15625000,"years=+31, months=+3, days=+18"
1629646,Charles Bassey,76ers,Center,206,104.0,Nigeria,2000-10-28,0,53,23,7.3,3.0,2.7,0.3,0.2,0.7,2022-04-23,925258,"years=+21, months=+5, days=+27"
1628966,Keita Bates-Diop,Spurs,Forward,203,104.0,USA,1996-01-23,3,48,163,15.0,5.2,3.0,0.6,0.5,0.3,,1729217,"years=+26, months=+3, days=+1"
201587,Nicolas Batum,Clippers,Guard,203,104.0,France,1988-12-14,13,25,915,30.6,11.1,5.1,3.5,1.0,0.6,,12026998,"years=+33, months=+4, days=+10"
203145,Kent Bazemore,Lakers,Guard,193,88.0,USA,1989-07-01,9,,657,20.6,8.2,3.2,1.8,1.0,0.5,,2401537,"years=+32, months=+9, days=+23"
1629647,Darius Bazley,Thunder,Forward,203,94.0,USA,2000-06-12,2,23,185,25.8,10.0,5.8,1.3,0.6,0.7,,2513040,"years=+21, months=+10, days=+12"
203078,Bradley Beal,Wizards,Guard,193,94.0,USA,1993-06-28,9,3,645,34.8,22.1,4.1,4.2,1.1,0.4,,33724200,"years=+28, months=+9, days=+27"
1627736,Malik Beasley,Timberwolves,Guard,193,85.0,USA,1996-11-26,5,19,336,20.9,10.4,2.5,1.2,0.6,0.1,2022-04-23,14491964,"years=+25, months=+4, days=+29"
202722,Davis Bertans,Mavericks,Forward,208,102.0,Latvia,1992-11-12,5,42,387,19.1,8.2,2.7,1.0,0.4,0.4,2022-04-23,16000000,"years=+29, months=+5, days=+12"
201976,Patrick Beverley,Timberwolves,Guard,185,82.0,USA,1988-07-12,9,42,526,27.4,8.8,4.3,3.5,1.1,0.5,2022-04-23,14320987,"years=+33, months=+9, days=+12"
1630180,Saddiq Bey,Pistons,Forward,201,98.0,USA,1999-04-09,1,19,152,30.3,14.3,5.0,2.2,0.8,0.2,,2824320,"years=+23, days=+15"
203920,Khem Birch,Raptors,Center,206,106.0,Canada,1992-09-28,4,,262,17.8,5.2,4.6,1.0,0.5,0.6,2022-04-23,6350000,"years=+29, months=+6, days=+27"
1629048,Goga Bitadze,Pacers,Center,213,113.0,Georgia,1999-07-20,2,18,149,11.8,5.0,2.9,0.8,0.3,0.9,,3098400,"years=+22, months=+9, days=+4"
202687,Bismack Biyombo,Suns,Center,203,116.0,DRC,1992-08-28,10,7,738,19.9,5.2,6.1,0.6,0.3,1.3,2022-04-24,1518213,"years=+29, months=+7, days=+27"
202357,Nemanja Bjelica,Warriors,Forward,206,106.0,Serbia,1988-05-09,6,35,449,20.4,7.6,4.6,1.8,0.6,0.4,2022-04-24,2089448,"years=+33, months=+11, days=+15"
202339,Eric Bledsoe,Trail Blazers,Guard,185,97.0,USA,1989-12-09,11,18,756,27.8,13.7,3.9,4.7,1.4,0.5,,18125000,"years=+32, months=+4, days=+15"
1629833,Keljin Blevins,Trail Blazers,Guard,193,91.0,USA,1995-11-24,1,,48,8.8,2.2,1.1,0.5,0.3,0.0,,462629,"years=+26, months=+5"
203992,Bogdan Bogdanovic,Hawks,Guard,198,102.0,Serbia,1992-08-18,4,27,316,28.6,14.2,3.4,3.4,1.0,0.2,2022-04-24,18000000,"years=+29, months=+8, days=+6"
202711,Bojan Bogdanovic,Jazz,Forward,201,103.0,Croatia,1989-04-18,7,31,603,29.1,15.0,3.6,1.6,0.6,0.1,2022-04-23,18700000,"years=+33, days=+6"
1629626,Bol Bol,Magic,Center,218,100.0,Sudan,1999-11-16,2,44,53,6.2,2.7,1.2,0.3,0.1,0.3,,2161152,"years=+22, months=+5, days=+8"
1630195,Leandro Bolmaro,Timberwolves,Forward,198,91.0,Argentina,2000-09-11,0,23,35,6.9,1.4,1.2,0.6,0.2,0.0,2022-04-23,2353320,"years=+21, months=+7, days=+13"
1629067,Isaac Bonga,Raptors,Guard,203,82.0,Germany,1999-11-08,3,39,143,13.1,3.1,2.2,0.8,0.5,0.3,2022-04-23,1729217,"years=+22, months=+5, days=+16"
1626164,Devin Booker,Suns,Guard,196,93.0,USA,1996-10-30,6,13,477,33.7,23.5,3.9,4.7,0.8,0.3,2022-04-24,31650600,"years=+25, months=+5, days=+25"
1628449,Chris Boucher,Raptors,Forward,206,91.0,Saint Lucia,1993-01-11,4,,231,17.9,9.0,5.3,0.5,0.5,1.2,2022-04-23,7020000,"years=+29, months=+3, days=+13"
1630547,James Bouknight,Hornets,Guard,193,86.0,USA,2000-09-18,0,11,31,9.8,4.6,1.7,0.8,0.2,0.0,,4154400,"years=+21, months=+7, days=+6"
202340,Avery Bradley,Lakers,Guard,190,82.0,USA,1990-11-26,11,19,660,27.5,11.0,2.8,1.7,1.0,0.2,,2641691,"years=+31, months=+4, days=+29"
1628396,Tony Bradley,Bulls,Center,208,112.0,USA,1998-01-08,4,28,167,11.7,4.6,4.3,0.5,0.2,0.6,2022-04-24,1789256,"years=+24, months=+3, days=+16"
1629649,Ignas Brazdeikis,Magic,Forward,198,100.0,Canada,1999-01-08,2,47,64,13.1,5.0,1.9,0.9,0.2,0.1,,462629,"years=+23, months=+3, days=+16"
1628969,Mikal Bridges,Suns,Forward,198,95.0,USA,1996-08-30,3,10,309,31.3,11.3,3.9,2.1,1.3,0.6,2022-04-24,5557725,"years=+25, months=+7, days=+25"
1628970,Miles Bridges,Hornets,Forward,201,102.0,USA,1998-03-21,3,12,291,29.1,13.4,5.6,2.3,0.7,0.7,,5421493,"years=+24, months=+1, days=+3"
1629052,Oshae Brissett,Pacers,Forward,201,95.0,Canada,1998-06-20,2,,107,20.7,8.2,4.7,0.9,0.6,0.5,,1701593,"years=+23, months=+10, days=+4"
1627763,Malcolm Brogdon,Pacers,Guard,196,104.0,USA,1992-12-11,5,36,333,30.2,15.5,4.2,4.8,0.9,0.2,,21700000,"years=+29, months=+4, days=+13"
1629717,Armoni Brooks,Raptors,Guard,190,88.0,USA,1998-06-05,1,,74,18.4,6.9,2.3,1.2,0.5,0.2,2022-04-23,1739065,"years=+23, months=+10, days=+19"
1628415,Dillon Brooks,Grizzlies,Guard,201,102.0,Canada,1996-01-22,4,45,272,28.2,14.5,3.0,2.0,1.0,0.3,2022-04-23,12200000,"years=+26, months=+3, days=+2"
1628971,Bruce Brown,Nets,Guard,193,92.0,USA,1996-08-15,3,42,269,23.5,7.6,4.3,2.1,0.9,0.5,2022-04-23,4736102,"years=+25, months=+8, days=+9"
1627759,Jaylen Brown,Celtics,Guard,198,101.0,USA,1996-10-24,5,3,403,28.7,16.5,4.9,2.0,0.9,0.4,2022-04-23,26758928,"years=+25, months=+6"
1629650,Moses Brown,Cavaliers,Center,218,111.0,USA,1999-10-13,2,,92,14.1,6.0,5.8,0.1,0.4,0.7,,1933909,"years=+22, months=+6, days=+11"
1628425,Sterling Brown,Mavericks,Guard,196,99.0,USA,1995-02-10,4,46,264,16.8,5.4,3.3,1.0,0.5,0.2,2022-04-23,3000000,"years=+27, months=+2, days=+14"
1628973,Jalen Brunson,Mavericks,Guard,185,86.0,USA,1996-08-31,3,33,277,24.7,11.9,3.0,3.7,0.6,0.0,2022-04-23,1802057,"years=+25, months=+7, days=+24"
1628418,Thomas Bryant,Wizards,Center,208,112.0,USA,1997-07-31,4,42,170,20.1,10.2,5.7,1.3,0.4,0.9,,8666667,"years=+24, months=+8, days=+24"
203493,Reggie Bullock,Mavericks,Guard,198,93.0,USA,1991-03-16,8,25,434,22.5,7.8,2.5,1.2,0.6,0.1,2022-04-23,9536000,"years=+31, months=+1, days=+8"
203504,Trey Burke,Mavericks,Guard,183,84.0,USA,1992-11-12,8,9,498,20.9,9.6,1.8,3.1,0.6,0.1,2022-04-23,3150000,"years=+29, months=+5, days=+12"
202692,Alec Burks,Knicks,Guard,198,97.0,USA,1991-07-20,10,12,625,23.0,10.6,3.5,2.0,0.7,0.2,,9536000,"years=+30, months=+9, days=+4"
1630215,Jared Butler,Jazz,Guard,190,88.0,USA,2000-08-25,0,40,42,8.6,3.8,1.1,1.5,0.4,0.2,2022-04-23,925258,"years=+21, months=+7, days=+30"
202710,Jimmy Butler,Heat,Forward,201,104.0,USA,1989-09-14,10,30,690,33.1,17.7,5.3,4.1,1.6,0.5,2022-04-24,36016200,"years=+32, months=+7, days=+10"
1629719,Devontae Cacok,Spurs,Forward,201,109.0,USA,1996-10-08,2,,36,6.3,2.5,2.2,0.2,0.4,0.3,,726128,"years=+25, months=+6, days=+16"
203484,Kentavious Caldwell-Pope,Wizards,Guard,196,93.0,USA,1993-02-18,8,8,683,29.2,11.6,3.1,1.7,1.1,0.2,,13038862,"years=+29, months=+2, days=+6"
1630267,Facundo Campazzo,Nuggets,Guard,178,88.0,Argentina,1991-03-23,1,,130,20.1,5.6,1.9,3.5,1.1,0.3,2022-04-24,3200000,"years=+31, months=+1, days=+1"
1628427,Vlatko Cancar,Nuggets,Forward,203,107.0,Slovenia,1997-04-10,2,49,70,7.2,2.3,1.3,0.5,0.2,0.1,2022-04-24,1782621,"years=+25, days=+14"
1629962,Devin Cannady,Magic,Guard,188,83.0,USA,1996-05-21,1,,13,16.8,6.5,0.8,0.8,0.8,0.3,,185578,"years=+25, months=+11, days=+3"
203991,Clint Capela,Hawks,Center,208,116.0,Switzerland,1994-05-18,7,25,471,26.8,12.4,10.7,1.0,0.7,1.5,2022-04-24,18603448,"years=+27, months=+11, days=+6"
1628975,Jevon Carter,Bucks,Guard,185,91.0,USA,1995-09-14,3,32,223,14.1,4.4,1.7,1.4,0.6,0.2,2022-04-24,4107149,"years=+26, months=+7, days=+10"
1627936,Alex Caruso,Bulls,Guard,196,84.0,USA,1994-02-28,4,,225,20.6,6.2,2.5,2.7,1.1,0.3,2022-04-24,8600000,"years=+28, months=+1, days=+27"
1630551,Justin Champagnie,Raptors,Guard,198,93.0,USA,2001-06-29,0,,36,7.8,2.3,2.0,0.3,0.2,0.1,2022-04-23,462629,"years=+20, months=+9, days=+26"
1629185,Chris Chiozza,Warriors,Guard,180,79.0,USA,1995-11-21,3,,91,11.4,3.3,1.3,2.4,0.5,0.1,2022-04-24,462629,"years=+26, months=+5, days=+3"
1627737,Marquese Chriss,Mavericks,Forward,206,109.0,USA,1997-07-02,5,8,292,18.3,7.6,4.7,1.0,0.6,0.8,2022-04-23,1292900,"years=+24, months=+9, days=+22"
1630528,Josh Christopher,Rockets,Guard,190,98.0,USA,2001-12-08,0,24,74,18.0,7.9,2.5,2.0,0.9,0.2,,2259240,"years=+20, months=+4, days=+16"
1629109,Gary Clark,Pelicans,Forward,198,102.0,USA,1994-11-16,3,,170,13.2,3.1,2.5,0.5,0.3,0.4,2022-04-24,811213,"years=+27, months=+5, days=+8"
1629634,Brandon Clarke,Grizzlies,Forward,203,98.0,Canada,1996-09-19,2,21,181,21.9,10.9,5.6,1.4,0.7,0.9,2022-04-23,2726880,"years=+25, months=+7, days=+5"
203903,Jordan Clarkson,Jazz,Guard,193,88.0,USA,1992-06-07,7,46,600,27.0,15.4,3.3,2.5,0.9,0.1,2022-04-23,12420000,"years=+29, months=+10, days=+17"
1629599,Amir Coffey,Clippers,Guard,201,95.0,USA,1997-06-17,2,,131,16.2,6.2,2.0,1.2,0.4,0.1,,573576,"years=+24, months=+10, days=+7"
1628381,John Collins,Hawks,Forward,206,103.0,USA,1997-09-23,4,19,293,29.0,16.5,8.3,1.6,0.6,1.0,2022-04-24,23000000,"years=+24, months=+7, days=+1"
1628380,Zach Collins,Spurs,Forward,211,113.0,USA,1997-11-19,3,10,182,17.5,6.0,4.2,1.1,0.3,0.7,,7000000,"years=+24, months=+5, days=+5"
201144,Mike Conley,Jazz,Guard,185,79.0,USA,1987-10-11,14,4,958,32.0,14.8,3.0,5.6,1.4,0.2,2022-04-23,21000000,"years=+34, months=+6, days=+13"
1626192,Pat Connaughton,Bucks,Guard,196,95.0,USA,1993-01-06,6,41,417,18.5,5.9,3.3,1.2,0.5,0.3,2022-04-24,5333334,"years=+29, months=+3, days=+18"
1629076,Tyler Cook,Bulls,Forward,203,116.0,USA,1997-09-23,2,,65,10.6,3.8,2.5,0.3,0.2,0.1,2022-04-24,462629,"years=+24, months=+7, days=+1"
1630536,Sharife Cooper,Hawks,Guard,185,80.0,USA,2001-06-11,0,48,13,3.0,0.5,0.4,0.4,0.0,0.0,2022-04-24,462629,"years=+20, months=+10, days=+13"
202326,DeMarcus Cousins,Nuggets,Center,208,122.0,USA,1990-08-13,10,5,654,29.8,19.6,10.2,3.0,1.3,1.1,2022-04-24,2038942,"years=+31, months=+8, days=+11"
203496,Robert Covington,Clippers,Forward,201,95.0,USA,1990-12-14,8,,537,29.9,11.6,5.8,1.5,1.6,1.0,,12975471,"years=+31, months=+4, days=+10"
1628470,Torrey Craig,Suns,Forward,201,100.0,USA,1990-12-19,4,,300,18.7,5.7,3.6,0.9,0.5,0.5,2022-04-24,4878049,"years=+31, months=+4, days=+5"
203109,Jae Crowder,Suns,Forward,198,107.0,USA,1990-07-06,9,34,735,25.3,9.6,4.3,1.6,1.0,0.3,2022-04-24,9720900,"years=+31, months=+9, days=+18"
1629633,Jarrett Culver,Grizzlies,Guard,198,88.0,USA,1999-02-20,2,6,134,17.5,6.6,2.7,1.2,0.7,0.4,2022-04-23,6395160,"years=+23, months=+2, days=+4"
1630595,Cade Cunningham,Pistons,Guard,198,100.0,USA,2001-09-25,0,1,64,32.6,17.4,5.5,5.6,1.2,0.7,,10050120,"years=+20, months=+6, days=+30"
203552,Seth Curry,Nets,Guard,188,84.0,USA,1990-08-23,7,,377,25.2,11.3,2.2,2.2,0.7,0.1,2022-04-23,8207518,"years=+31, months=+8, days=+1"
201939,Stephen Curry,Warriors,Guard,188,84.0,USA,1988-03-14,12,7,826,34.3,24.3,4.6,6.5,1.7,0.2,2022-04-24,45780966,"years=+34, months=+1, days=+10"
203076,Anthony Davis,Lakers,Forward,208,115.0,USA,1993-03-11,9,1,604,34.4,23.8,10.2,2.3,1.4,2.3,,35361360,"years=+29, months=+1, days=+13"
202334,Ed Davis,Cavaliers,Center,206,99.0,USA,1989-06-05,11,13,722,19.1,5.9,6.4,0.7,0.5,0.8,,2641691,"years=+32, months=+10, days=+19"
1629056,Terence Davis,Kings,Guard,193,91.0,USA,1997-05-16,2,,163,17.3,8.5,3.0,1.5,0.7,0.2,,4000000,"years=+24, months=+11, days=+8"
201942,DeMar DeRozan,Bulls,Guard,198,100.0,USA,1989-08-07,12,9,957,34.3,20.8,4.4,3.9,1.0,0.3,2022-04-24,26000000,"years=+32, months=+8, days=+17"
203473,Dewayne Dedmon,Heat,Center,213,111.0,USA,1989-08-12,8,,477,17.8,6.4,5.9,0.7,0.5,0.8,2022-04-24,5256308,"years=+32, months=+8, days=+12"
1628978,Donte DiVincenzo,Kings,Guard,193,92.0,USA,1997-01-31,3,17,201,23.6,9.0,4.6,2.5,1.1,0.2,,4675830,"years=+25, months=+2, days=+24"
1628977,Hamidou Diallo,Pistons,Guard,196,92.0,USA,1998-07-31,3,45,207,18.9,8.4,3.9,1.1,0.8,0.3,,5200000,"years=+23, months=+8, days=+24"
203476,Gorgui Dieng,Hawks,Center,208,112.0,Senegal,1990-01-18,8,21,597,20.6,7.5,5.7,1.3,0.8,0.9,2022-04-24,4000000,"years=+32, months=+3, days=+6"
203915,Spencer Dinwiddie,Mavericks,Guard,198,98.0,USA,1993-04-06,7,38,387,26.4,13.0,3.0,5.0,0.7,0.3,2022-04-23,17142857,"years=+29, days=+18"
1629029,Luka Doncic,Mavericks,Forward,201,104.0,Slovenia,1999-02-28,3,3,264,33.8,26.4,8.5,8.0,1.1,0.4,2022-04-23,10174391,"years=+23, months=+1, days=+27"
1629652,Luguentz Dort,Thunder,Guard,190,98.0,Canada,1999-04-19,2,,139,29.0,13.3,3.5,1.5,0.9,0.3,,1782621,"years=+23, days=+5"
1630245,Ayo Dosunmu,Bulls,Guard,193,91.0,USA,2000-01-17,0,38,77,27.4,8.8,2.8,3.3,0.8,0.4,2022-04-24,925258,"years=+22, months=+3, days=+7"
201609,Goran Dragic,Nets,Guard,190,86.0,Slovenia,1986-05-06,13,45,888,27.9,13.7,3.1,4.8,1.0,0.2,2022-04-23,19348907,"years=+35, months=+11, days=+18"
203083,Andre Drummond,Nets,Center,208,127.0,USA,1993-08-10,9,9,718,29.6,13.8,13.3,1.4,1.4,1.5,2022-04-23,2401537,"years=+28, months=+8, days=+14"
1630537,Chris Duarte,Pacers,Guard,196,86.0,Dominican Republic,1997-06-13,0,13,55,28.0,13.1,4.1,2.1,1.0,0.2,,3749400,"years=+24, months=+10, days=+11"
201142,Kevin Durant,Nets,Forward,208,109.0,USA,1988-09-29,13,2,939,36.7,27.2,7.1,4.3,1.1,1.1,2022-04-23,42018900,"years=+33, months=+6, days=+26"
1630162,Anthony Edwards,Timberwolves,Guard,193,102.0,USA,2001-08-05,1,1,144,33.2,20.3,4.7,3.4,1.3,0.6,2022-04-23,10245480,"years=+20, months=+8, days=+19"
1629035,Carsen Edwards,Celtics,Guard,180,91.0,USA,1998-03-12,2,33,72,9.8,3.7,1.1,0.7,0.3,0.1,,1859365,"years=+24, months=+1, days=+12"
1630556,Kessler Edwards,Nets,Forward,201,92.0,USA,2000-08-09,0,44,48,20.6,5.9,3.6,0.6,0.6,0.5,2022-04-23,463211,"years=+21, months=+8, days=+15"
1629604,CJ Elleby,Trail Blazers,Forward,198,91.0,USA,2000-06-16,1,46,88,15.5,4.6,2.9,1.1,0.5,0.3,,1517981,"years=+21, months=+10, days=+8"
201961,Wayne Ellington,Lakers,Guard,193,94.0,USA,1987-11-29,12,28,770,20.9,8.0,2.1,1.1,0.5,0.1,,2641691,"years=+34, months=+4, days=+26"
203954,Joel Embiid,76ers,Center,213,127.0,Cameroon,1994-03-16,5,3,328,31.2,26.0,11.4,3.3,0.9,1.7,2022-04-23,31579390,"years=+28, months=+1, days=+8"
202324,Derrick Favors,Thunder,Forward,206,120.0,USA,1991-07-15,11,3,790,24.3,10.6,7.1,1.1,0.7,1.2,,9720900,"years=+30, months=+9, days=+9"
1628981,Bruno Fernando,Rockets,Forward,206,109.0,Angola,1998-08-15,2,34,119,9.2,3.2,2.8,0.6,0.2,0.3,,1782621,"years=+23, months=+8, days=+9"
1627827,Dorian Finney-Smith,Mavericks,Forward,201,100.0,USA,1993-05-04,5,,394,27.3,8.2,4.5,1.4,0.8,0.4,2022-04-23,4000000,"years=+28, months=+11, days=+20"
1630238,Malik Fitts,Celtics,Forward,196,104.0,USA,1997-07-04,1,,18,4.1,1.3,1.1,0.3,0.0,0.0,2022-04-23,630874,"years=+24, months=+9, days=+20"
1630201,Malachi Flynn,Raptors,Guard,185,79.0,USA,1998-05-09,1,29,91,16.1,6.0,2.0,2.3,0.6,0.1,2022-04-23,2048040,"years=+23, months=+11, days=+15"
1627854,Bryn Forbes,Nuggets,Guard,188,93.0,USA,1993-07-23,5,,406,20.5,9.1,1.7,1.2,0.4,0.0,2022-04-24,4500000,"years=+28, months=+9, days=+1"
1630235,Trent Forrest,Jazz,Guard,193,95.0,USA,1998-06-12,1,,90,11.9,3.1,1.6,1.7,0.4,0.1,2022-04-23,463211,"years=+23, months=+10, days=+12"
203095,Evan Fournier,Knicks,Guard,198,93.0,France,1992-10-29,9,20,645,28.6,14.3,2.7,2.6,0.9,0.2,,17142857,"years=+29, months=+5, days=+26"
1628368,De'Aaron Fox,Kings,Guard,190,84.0,USA,1997-12-20,4,5,322,32.1,19.1,3.5,6.2,1.3,0.4,,28103500,"years=+24, months=+4, days=+4"
1628365,Markelle Fultz,Magic,Guard,193,95.0,USA,1998-05-29,4,1,131,24.8,10.9,3.2,4.8,1.1,0.2,,16500000,"years=+23, months=+10, days=+26"
1629117,Wenyen Gabriel,Lakers,Forward,206,93.0,South Sudan,1997-03-26,2,,77,10.8,3.6,2.6,0.4,0.3,0.3,,522015,"years=+25, days=+29"
1629655,Daniel Gafford,Wizards,Forward,206,106.0,USA,1998-10-01,2,38,169,16.8,7.6,4.4,0.7,0.4,1.4,,1782621,"years=+23, months=+6, days=+23"
201568,Danilo Gallinari,Hawks,Forward,208,107.0,Italy,1988-08-08,12,6,728,29.9,15.6,4.8,1.9,0.7,0.4,2022-04-24,20475000,"years=+33, months=+8, days=+16"
1629636,Darius Garland,Cavaliers,Guard,185,87.0,USA,2000-01-26,2,5,181,33.4,17.4,2.6,6.3,1.1,0.1,,7040880,"years=+22, months=+2, days=+29"
1630586,Usman Garuba,Rockets,Forward,203,104.0,Spain,2002-03-09,0,23,24,10.0,2.0,3.5,0.7,0.4,0.5,,2353320,"years=+20, months=+1, days=+15"
1630568,Luka Garza,Pistons,Center,208,110.0,USA,1998-12-27,0,52,32,12.2,5.8,3.1,0.6,0.3,0.2,,925258,"years=+23, months=+3, days=+28"
200752,Rudy Gay,Jazz,Forward,203,113.0,USA,1986-08-17,15,8,1064,31.7,16.3,5.8,2.1,1.1,0.7,2022-04-23,5890000,"years=+35, months=+8, days=+7"
202331,Paul George,Clippers,Forward,203,100.0,USA,1990-05-02,11,10,737,33.6,20.4,6.4,3.6,1.7,0.4,,39344970,"years=+31, months=+11, days=+22"
201959,Taj Gibson,Knicks,Forward,206,105.0,USA,1985-06-24,12,26,896,24.5,9.0,6.1,1.0,0.6,1.0,,4910000,"years=+36, months=+10"
1630581,Josh Giddey,Thunder,Guard,203,93.0,Australia,2002-10-10,0,6,54,31.5,12.5,7.8,6.4,0.9,0.4,,5988000,"years=+19, months=+6, days=+14"
1628983,Shai Gilgeous-Alexander,Thunder,Guard,198,82.0,Canada,1998-07-12,3,11,243,31.8,18.2,4.5,4.3,1.1,0.7,,5495532,"years=+23, months=+9, days=+12"
1630264,Anthony Gill,Wizards,Forward,201,104.0,USA,1992-10-17,1,,70,9.7,3.7,1.9,0.5,0.2,0.2,,1517981,"years=+29, months=+6, days=+7"
203497,Rudy Gobert,Jazz,Center,216,117.0,France,1992-06-26,8,27,611,30.0,12.4,11.7,1.3,0.7,2.2,2022-04-23,34844000,"years=+29, months=+9, days=+29"
1629164,Brandon Goodwin,Cavaliers,Guard,183,82.0,USA,1995-10-02,3,,133,12.1,4.7,1.6,1.9,0.4,0.0,,343988,"years=+26, months=+6, days=+22"
203932,Aaron Gordon,Nuggets,Forward,203,107.0,USA,1995-09-16,7,4,528,28.9,13.0,6.3,2.5,0.7,0.6,2022-04-24,16409091,"years=+26, months=+7, days=+8"
201569,Eric Gordon,Rockets,Guard,190,98.0,USA,1988-12-25,13,7,749,32.4,16.4,2.4,2.8,0.9,0.3,,18218818,"years=+33, months=+3, days=+30"
203924,Jerami Grant,Pistons,Forward,203,95.0,USA,1994-03-12,7,39,555,26.0,11.4,3.9,1.3,0.6,1.1,,20002500,"years=+28, months=+1, days=+12"
201980,Danny Green,76ers,Guard,198,98.0,USA,1987-06-22,12,46,819,25.3,8.7,3.4,1.6,1.0,0.8,2022-04-23,10000000,"years=+34, months=+10, days=+2"
203110,Draymond Green,Warriors,Forward,198,104.0,USA,1990-03-04,9,35,685,28.5,8.7,6.9,5.4,1.4,1.0,2022-04-24,24026712,"years=+32, months=+1, days=+20"
203210,JaMychal Green,Nuggets,Forward,203,103.0,USA,1990-06-21,7,,487,20.8,7.9,5.7,0.9,0.6,0.4,2022-04-24,8200000,"years=+31, months=+10, days=+3"
1630224,Jalen Green,Rockets,Guard,193,84.0,USA,2002-02-09,0,2,67,31.9,17.3,3.4,2.6,0.7,0.3,,8992080,"years=+20, months=+2, days=+15"
1629750,Javonte Green,Bulls,Guard,196,93.0,USA,1993-07-23,2,,154,16.0,5.0,2.9,0.7,0.8,0.3,2022-04-24,1669178,"years=+28, months=+9, days=+1"
201145,Jeff Green,Nuggets,Forward,203,107.0,USA,1986-08-28,13,5,1051,29.0,12.6,4.3,1.5,0.7,0.5,2022-04-24,4500000,"years=+35, months=+7, days=+27"
1630182,Josh Green,Mavericks,Guard,196,91.0,Australia,2000-11-16,1,18,106,14.0,4.0,2.3,1.0,0.6,0.2,2022-04-23,2957520,"years=+21, months=+5, days=+8"
201933,Blake Griffin,Nets,Forward,206,113.0,USA,1989-03-16,11,1,724,32.9,19.8,8.2,4.1,0.8,0.5,2022-04-23,32405817,"years=+33, months=+1, days=+8"
1629656,Quentin Grimes,Knicks,Guard,193,95.0,USA,2000-05-08,0,25,46,17.1,6.0,2.0,1.0,0.7,0.2,,2168640,"years=+21, months=+11, days=+16"
1629060,Rui Hachimura,Wizards,Forward,203,104.0,Japan,1998-02-08,2,9,147,28.5,13.0,5.2,1.5,0.7,0.2,,4916160,"years=+24, months=+2, days=+16"
1630169,Tyrese Haliburton,Pacers,Guard,196,84.0,USA,2000-02-29,1,12,135,32.9,14.3,3.6,6.9,1.6,0.6,,4023600,"years=+22, months=+1, days=+26"
201935,James Harden,76ers,Guard,196,100.0,USA,1989-08-26,12,3,942,34.6,24.9,5.6,6.8,1.5,0.5,2022-04-23,44310840,"years=+32, months=+7, days=+29"
1629607,Jared Harper,Pelicans,Guard,178,79.0,USA,1997-09-14,2,,16,4.2,2.6,0.3,0.9,0.3,0.1,2022-04-24,85081,"years=+24, months=+7, days=+10"
1626149,Montrezl Harrell,Hornets,Forward,201,109.0,USA,1994-01-26,6,32,458,21.5,12.9,5.3,1.4,0.6,0.8,,9720900,"years=+28, months=+2, days=+29"
203914,Gary Harris,Magic,Guard,193,95.0,USA,1994-09-14,7,19,468,28.8,11.8,2.5,2.1,1.2,0.2,,20932143,"years=+27, months=+7, days=+10"
203925,Joe Harris,Nets,Guard,198,100.0,USA,1991-09-06,7,33,414,25.6,11.1,3.2,1.6,0.5,0.2,2022-04-23,17357143,"years=+30, months=+7, days=+18"
202699,Tobias Harris,76ers,Forward,201,103.0,USA,1992-07-15,10,19,753,31.4,16.4,6.2,2.3,0.7,0.5,2022-04-23,35995950,"years=+29, months=+9, days=+9"
1628404,Josh Hart,Trail Blazers,Guard,196,98.0,USA,1995-03-06,4,30,296,27.3,9.9,5.7,2.1,0.9,0.4,,12000000,"years=+27, months=+1, days=+18"
1628392,Isaiah Hartenstein,Clippers,Center,213,113.0,Germany,1998-05-05,3,43,165,13.7,5.8,3.9,1.5,0.5,0.8,,1729217,"years=+23, months=+11, days=+19"
2617,Udonis Haslem,Heat,Forward,203,107.0,USA,1980-06-09,18,,872,24.8,7.5,6.6,0.8,0.5,0.3,2022-04-24,2641691,"years=+41, months=+10, days=+15"
1630573,Sam Hauser,Celtics,Forward,201,98.0,USA,1997-12-08,0,,26,6.1,2.5,1.1,0.4,0.0,0.1,2022-04-23,619498,"years=+24, months=+4, days=+16"
1629637,Jaxson Hayes,Pelicans,Center,211,100.0,USA,2000-05-23,2,8,194,17.7,8.1,4.3,0.7,0.4,0.8,2022-04-24,5348280,"years=+21, months=+11, days=+1"
1630165,Killian Hayes,Pistons,Guard,196,88.0,France,2001-07-27,1,7,92,25.2,6.8,3.0,4.5,1.1,0.5,,5572680,"years=+20, months=+8, days=+28"
202330,Gordon Hayward,Hornets,Forward,201,102.0,USA,1990-03-23,11,9,734,31.1,15.6,4.5,3.5,1.0,0.4,,29925000,"years=+32, months=+1, days=+1"
1626195,Willy Hernangomez,Pelicans,Center,211,113.0,Spain,1994-05-27,5,35,306,15.3,7.4,5.9,1.1,0.4,0.4,2022-04-24,2327220,"years=+27, months=+10, days=+28"
1629639,Tyler Herro,Heat,Guard,196,88.0,USA,2000-01-20,2,13,175,30.3,16.7,4.7,3.2,0.6,0.2,2022-04-24,4004280,"years=+22, months=+3, days=+4"
1627741,Buddy Hield,Pacers,Guard,193,100.0,Bahamas,1992-12-17,5,6,468,29.2,15.9,4.3,2.5,0.8,0.3,,23073234,"years=+29, months=+4, days=+7"
1629312,Haywood Highsmith,Heat,Forward,193,100.0,USA,1996-12-09,1,,24,8.5,2.2,1.3,0.3,0.1,0.1,2022-04-24,547701,"years=+25, months=+4, days=+15"
201588,George Hill,Bucks,Guard,193,85.0,USA,1986-05-04,13,26,869,27.2,10.7,3.0,3.1,0.9,0.3,2022-04-24,5275491,"years=+35, months=+11, days=+20"
1630792,Malcolm Hill,Bulls,Forward,198,100.0,USA,1995-10-26,0,,19,11.2,3.8,1.8,0.4,0.4,0.2,2022-04-24,324373,"years=+26, months=+5, days=+29"
1630207,Nate Hinton,Pacers,Guard,196,95.0,USA,1999-06-08,1,,23,4.2,1.8,0.4,0.3,0.3,0.1,,96213,"years=+22, months=+10, days=+16"
1628988,Aaron Holiday,Suns,Guard,183,84.0,USA,1996-09-30,3,23,245,18.2,7.3,1.8,2.4,0.7,0.2,2022-04-24,3980551,"years=+25, months=+6, days=+25"
201950,Jrue Holiday,Bucks,Guard,190,93.0,USA,1990-06-12,12,17,839,33.2,16.2,4.0,6.4,1.5,0.5,2022-04-24,32431333,"years=+31, months=+10, days=+12"
203200,Justin Holiday,Kings,Forward,198,82.0,USA,1989-04-05,8,,576,24.6,8.7,3.0,1.5,1.0,0.4,,6006420,"years=+33, days=+19"
1626158,Richaun Holmes,Kings,Forward,208,107.0,USA,1993-10-15,6,37,376,21.1,9.6,5.8,1.1,0.6,1.1,,10384500,"years=+28, months=+6, days=+9"
203918,Rodney Hood,Clippers,Guard,203,94.0,USA,1992-10-20,7,23,448,24.5,10.4,2.6,1.6,0.7,0.2,,2239544,"years=+29, months=+6, days=+4"
201143,Al Horford,Celtics,Center,206,109.0,Dominican Republic,1986-06-03,14,3,950,32.2,13.7,8.2,3.3,0.8,1.2,2022-04-23,27000000,"years=+35, months=+10, days=+21"
1629659,Talen Horton-Tucker,Lakers,Guard,193,106.0,USA,2000-11-25,2,46,131,22.1,9.3,2.8,2.6,1.0,0.4,,9500000,"years=+21, months=+4, days=+30"
2730,Dwight Howard,Lakers,Center,208,120.0,USA,1985-12-08,17,1,1242,31.8,15.7,11.8,1.3,0.9,1.8,,2641691,"years=+36, months=+4, days=+16"
1630210,Markus Howard,Nuggets,Guard,178,79.0,USA,1999-03-03,1,,68,5.6,3.4,0.5,0.4,0.2,0.0,2022-04-24,462629,"years=+23, months=+1, days=+21"
1628989,Kevin Huerter,Hawks,Guard,201,90.0,USA,1998-08-27,3,19,274,29.6,11.4,3.5,3.2,0.9,0.4,2022-04-24,4253357,"years=+23, months=+7, days=+28"
1630190,Elijah Hughes,Trail Blazers,Guard,196,98.0,USA,1998-03-10,1,39,54,9.2,2.9,1.2,0.5,0.3,0.2,,1517981,"years=+24, months=+1, days=+14"
1630624,Feron Hunt,Knicks,Forward,203,88.0,USA,1999-07-05,0,,2,4.0,0.0,0.5,0.5,0.5,0.0,,116987,"years=+22, months=+9, days=+19"
1629631,De'Andre Hunter,Hawks,Forward,203,100.0,USA,1997-12-02,2,4,139,30.7,13.2,4.1,1.6,0.7,0.4,2022-04-24,7775400,"years=+24, months=+4, days=+22"
1630538,Bones Hyland,Nuggets,Guard,188,77.0,USA,2000-09-14,0,26,69,19.0,10.1,2.7,2.8,0.6,0.3,2022-04-24,2096880,"years=+21, months=+7, days=+10"
201586,Serge Ibaka,Bucks,Forward,208,107.0,Republic of the Congo,1989-09-18,12,24,903,27.6,12.1,7.2,0.8,0.4,1.9,2022-04-24,9720900,"years=+32, months=+7, days=+6"
2738,Andre Iguodala,Warriors,Guard,198,98.0,USA,1984-01-28,17,9,1223,32.2,11.4,4.9,4.2,1.4,0.5,2022-04-24,2641691,"years=+38, months=+2, days=+27"
204060,Joe Ingles,Trail Blazers,Forward,203,100.0,Australia,1987-10-02,7,,590,25.7,8.6,3.2,3.8,0.9,0.2,,13036364,"years=+34, months=+6, days=+22"
1627742,Brandon Ingram,Pelicans,Forward,203,86.0,USA,1997-09-02,5,2,368,32.8,18.5,5.2,3.8,0.7,0.6,2022-04-24,29467800,"years=+24, months=+7, days=+22"
202681,Kyrie Irving,Nets,Guard,188,88.0,Australia,1992-03-23,10,1,611,34.0,23.1,3.8,5.7,1.3,0.4,2022-04-23,35328700,"years=+30, months=+1, days=+1"
1628371,Jonathan Isaac,Magic,Forward,208,104.0,USA,1997-10-03,3,6,136,25.8,9.3,5.4,1.1,1.1,1.5,,17400000,"years=+24, months=+6, days=+21"
1628402,Frank Jackson,Pistons,Guard,190,93.0,USA,1998-05-04,3,31,213,18.2,8.5,1.8,1.0,0.4,0.1,,3000000,"years=+23, months=+11, days=+20"
1630543,Isaiah Jackson,Pacers,Forward,208,93.0,USA,2002-01-10,0,22,36,15.0,8.3,4.1,0.3,0.7,1.4,,2451240,"years=+20, months=+3, days=+14"
1628367,Josh Jackson,Kings,Guard,203,94.0,USA,1997-02-10,4,4,291,23.1,11.3,4.0,1.8,0.9,0.6,,5005350,"years=+25, months=+2, days=+14"
202704,Reggie Jackson,Clippers,Guard,188,94.0,USA,1990-04-16,10,24,703,25.6,13.1,3.0,4.3,0.7,0.1,,10384500,"years=+32, days=+8"
2544,LeBron James,Lakers,Forward,206,113.0,USA,1984-12-30,18,1,1366,38.2,27.1,7.5,7.4,1.6,0.8,,41180544,"years=+37, months=+3, days=+25"
1629660,Ty Jerome,Thunder,Guard,196,88.0,USA,1997-07-08,2,24,112,17.1,7.1,1.9,2.4,0.6,0.1,,2412840,"years=+24, months=+9, days=+16"
1630198,Isaiah Joe,76ers,Guard,193,75.0,USA,1999-07-02,1,49,96,10.3,3.7,1.0,0.6,0.3,0.1,2022-04-23,1517981,"years=+22, months=+9, days=+22"
1629661,Cameron Johnson,Suns,Forward,203,95.0,USA,1996-03-03,2,11,183,24.2,10.4,3.6,1.4,0.7,0.3,2022-04-24,4437000,"years=+26, months=+1, days=+21"
1630525,David Johnson,Raptors,Guard,193,92.0,USA,2001-02-26,0,47,2,1.0,0.0,0.0,0.0,0.0,0.0,2022-04-23,462629,"years=+21, months=+1, days=+29"
1630552,Jalen Johnson,Hawks,Forward,203,99.0,USA,2001-12-18,0,20,22,5.5,2.4,1.2,0.1,0.1,0.1,2022-04-24,2659680,"years=+20, months=+4, days=+6"
1629640,Keldon Johnson,Spurs,Forward,198,100.0,USA,1999-10-11,2,29,161,28.9,14.4,5.8,1.8,0.7,0.2,,2145720,"years=+22, months=+6, days=+13"
1630553,Keon Johnson,Trail Blazers,Guard,193,84.0,USA,2002-03-10,0,21,37,18.8,7.2,2.2,2.1,0.8,0.3,,2553240,"years=+20, months=+1, days=+14"
1626169,Stanley Johnson,Lakers,Forward,198,110.0,USA,1996-05-29,6,8,419,20.1,6.3,3.1,1.5,0.9,0.2,,1368998,"years=+25, months=+10, days=+26"
203999,Nikola Jokic,Nuggets,Center,211,129.0,Serbia,1995-02-19,6,41,527,30.4,19.7,10.4,6.2,1.2,0.7,2022-04-24,31579390,"years=+27, months=+2, days=+5"
1627745,Damian Jones,Kings,Center,211,111.0,USA,1995-06-30,5,30,199,15.2,5.6,3.4,0.8,0.4,0.7,,1977011,"years=+26, months=+9, days=+25"
1630539,Kai Jones,Hornets,Center,208,100.0,Bahamas,2001-01-19,0,19,21,3.0,1.0,0.5,0.2,0.0,0.1,,2770560,"years=+21, months=+3, days=+5"
1630222,Mason Jones,Lakers,Guard,193,91.0,USA,1998-07-21,1,,36,10.7,5.4,1.8,1.3,0.3,0.0,,295125,"years=+23, months=+9, days=+3"
1630200,Tre Jones,Spurs,Guard,185,84.0,USA,2000-01-08,1,41,106,13.4,4.8,1.7,2.6,0.5,0.1,,1517981,"years=+22, months=+3, days=+16"
1626145,Tyus Jones,Grizzlies,Guard,183,89.0,USA,1996-05-10,6,24,455,18.4,6.2,1.8,3.7,1.0,0.1,2022-04-23,8376286,"years=+25, months=+11, days=+14"
201599,DeAndre Jordan,76ers,Center,211,120.0,USA,1988-07-21,13,35,980,26.7,9.1,10.3,1.0,0.5,1.5,2022-04-23,11109327,"years=+33, months=+9, days=+3"
202709,Cory Joseph,Pistons,Guard,190,91.0,Canada,1991-08-20,10,29,728,22.2,7.1,2.6,3.0,0.8,0.2,,7310000,"years=+30, months=+8, days=+4"
1628379,Luke Kennard,Clippers,Guard,196,93.0,USA,1996-06-24,4,12,297,23.5,10.0,2.9,2.0,0.5,0.1,,12727273,"years=+25, months=+10"
1630296,Braxton Key,Pistons,Forward,203,102.0,USA,1997-02-14,0,,11,17.9,7.2,4.5,1.0,0.9,1.0,,127622,"years=+25, months=+2, days=+10"
1630557,Corey Kispert,Wizards,Forward,198,102.0,USA,1999-03-03,0,15,77,23.4,8.2,2.7,1.1,0.5,0.3,,3383640,"years=+23, months=+1, days=+21"
1628467,Maxi Kleber,Mavericks,Forward,208,109.0,Germany,1992-01-29,4,,326,22.7,7.1,4.8,1.1,0.4,0.9,2022-04-23,8825000,"years=+30, months=+2, days=+26"
1630233,Nathan Knight,Timberwolves,Forward,208,115.0,USA,1997-09-20,1,,70,7.8,3.7,2.2,0.4,0.2,0.3,2022-04-23,462629,"years=+24, months=+7, days=+4"
1629723,John Konchar,Grizzlies,Guard,196,95.0,USA,1996-03-22,2,,134,15.3,4.4,3.8,1.3,0.6,0.3,2022-04-23,2200000,"years=+26, months=+1, days=+2"
1627788,Furkan Korkmaz,76ers,Guard,201,92.0,Turkey,1997-07-24,4,26,256,18.7,7.9,2.2,1.3,0.6,0.1,2022-04-23,4629630,"years=+24, months=+9"
1628436,Luke Kornet,Celtics,Center,218,113.0,USA,1995-07-15,4,,148,14.3,5.5,2.6,1.0,0.3,0.8,2022-04-23,812364,"years=+26, months=+9, days=+9"
1630249,Vit Krejci,Thunder,Guard,203,88.0,Czech Republic,2000-06-19,0,37,30,23.0,6.2,3.4,1.9,0.6,0.3,,925258,"years=+21, months=+10, days=+5"
1629083,Arnoldas Kulboka,Hornets,Forward,208,95.0,Lithuania,1998-01-04,0,55,2,2.5,0.0,0.0,0.0,0.0,0.0,,462629,"years=+24, months=+3, days=+20"
1630228,Jonathan Kuminga,Warriors,Forward,201,102.0,DRC,2002-10-06,0,7,70,16.9,9.3,3.3,0.9,0.4,0.3,2022-04-24,5466360,"years=+19, months=+6, days=+18"
1628398,Kyle Kuzma,Wizards,Forward,206,100.0,USA,1995-07-24,4,27,342,30.4,15.6,6.2,2.2,0.6,0.5,,13000000,"years=+26, months=+9"
203897,Zach LaVine,Bulls,Guard,196,91.0,USA,1995-03-10,7,13,478,31.8,19.8,3.9,3.9,0.9,0.3,2022-04-24,19500000,"years=+27, months=+1, days=+14"
1630237,Anthony Lamb,Rockets,Forward,198,103.0,USA,1998-01-20,1,,26,16.3,5.1,2.7,1.0,0.2,0.2,,136095,"years=+24, months=+3, days=+4"
203087,Jeremy Lamb,Kings,Guard,196,82.0,USA,1992-05-30,9,12,573,20.8,10.1,3.6,1.6,0.7,0.4,,10500000,"years=+29, months=+10, days=+25"
1629111,Jock Landale,Spurs,Center,211,116.0,Australia,1995-10-25,0,,54,10.9,4.9,2.6,0.8,0.2,0.3,,925258,"years=+26, months=+5, days=+30"
1629641,Romeo Langford,Spurs,Guard,196,98.0,USA,1999-10-25,2,14,98,14.5,3.6,1.9,0.5,0.4,0.3,,3804360,"years=+22, months=+5, days=+30"
1627774,Jake Layman,Timberwolves,Forward,203,95.0,USA,1994-03-07,5,47,243,12.8,4.8,1.7,0.5,0.4,0.3,2022-04-23,3940184,"years=+28, months=+1, days=+17"
1627747,Caris LeVert,Cavaliers,Guard,198,93.0,USA,1994-08-25,5,20,318,27.5,14.6,3.8,4.0,1.1,0.3,,17500000,"years=+27, months=+7, days=+30"
1627814,Damion Lee,Warriors,Guard,196,95.0,USA,1992-10-21,4,,216,21.0,8.2,3.5,1.4,0.7,0.1,2022-04-24,1910860,"years=+29, months=+6, days=+3"
1630240,Saben Lee,Pistons,Guard,188,83.0,USA,1999-06-23,1,38,85,16.3,5.6,2.2,3.3,0.8,0.3,,1489065,"years=+22, months=+10, days=+1"
203458,Alex Len,Kings,Center,213,113.0,Ukraine,1993-06-16,8,5,570,18.9,7.7,5.9,0.9,0.4,1.0,,3732000,"years=+28, months=+10, days=+8"
202695,Kawhi Leonard,Clippers,Forward,201,102.0,USA,1991-06-29,10,15,576,31.3,19.2,6.4,2.9,1.8,0.6,,39344900,"years=+30, months=+9, days=+26"
1630575,Scottie Lewis,Hornets,Guard,196,84.0,USA,2000-03-12,0,56,2,3.5,0.5,0.0,0.5,0.5,0.0,,462629,"years=+22, months=+1, days=+12"
203081,Damian Lillard,Trail Blazers,Guard,188,88.0,USA,1990-07-15,9,6,711,36.3,24.6,4.2,6.6,1.0,0.3,,39344900,"years=+31, months=+9, days=+9"
1629642,Nassir Little,Trail Blazers,Forward,196,100.0,USA,2000-02-11,2,25,138,16.7,5.8,3.4,0.7,0.3,0.5,,2316240,"years=+22, months=+2, days=+13"
1630587,Isaiah Livers,Pistons,Forward,198,105.0,USA,1998-07-28,0,42,19,20.2,6.4,3.0,1.1,0.7,0.4,,1057260,"years=+23, months=+8, days=+27"
1626172,Kevon Looney,Warriors,Forward,206,101.0,USA,1996-02-06,6,30,367,16.4,4.7,4.8,1.4,0.5,0.6,2022-04-24,5178572,"years=+26, months=+2, days=+18"
201572,Brook Lopez,Bucks,Center,213,128.0,USA,1988-04-01,13,10,868,30.2,16.4,6.2,1.4,0.6,1.8,2022-04-24,13302325,"years=+34, days=+23"
201577,Robin Lopez,Magic,Center,213,127.0,USA,1988-04-01,13,15,939,21.9,8.7,4.9,0.8,0.2,1.1,,5000000,"years=+34, days=+23"
1629712,Didi Louzada,Trail Blazers,Guard,196,85.0,Brazil,1999-07-02,1,35,12,15.5,3.6,1.7,0.7,0.3,0.2,,1786878,"years=+22, months=+9, days=+22"
201567,Kevin Love,Cavaliers,Forward,203,114.0,USA,1988-09-07,13,5,812,30.9,17.6,10.7,2.4,0.7,0.4,,31258256,"years=+33, months=+7, days=+17"
200768,Kyle Lowry,Heat,Guard,183,89.0,USA,1986-03-25,15,24,1023,31.9,14.8,4.4,6.3,1.3,0.3,2022-04-24,26984128,"years=+36, days=+30"
1630994,Gabriel Lundberg,Suns,Guard,193,92.0,Denmark,1994-12-04,0,,4,11.0,3.3,1.8,2.8,0.8,0.0,2022-04-24,79764,"years=+27, months=+4, days=+20"
1626168,Trey Lyles,Kings,Forward,206,106.0,Canada,1995-11-05,6,12,449,18.3,7.8,4.3,1.1,0.4,0.3,,2500000,"years=+26, months=+5, days=+19"
1630177,Theo Maledon,Thunder,Guard,193,79.0,France,2001-06-12,1,34,116,23.2,8.8,2.9,2.9,0.8,0.2,,2000000,"years=+20, months=+10, days=+12"
1630572,Sandro Mamukelashvili,Bucks,Forward,206,109.0,Georgia,1999-05-23,0,54,41,9.9,3.8,2.0,0.5,0.2,0.2,2022-04-24,462629,"years=+22, months=+11, days=+1"
1629611,Terance Mann,Clippers,Guard,196,98.0,USA,1996-10-18,2,48,189,20.9,7.6,3.8,1.9,0.5,0.2,,1782621,"years=+25, months=+6, days=+6"
1630544,Tre Mann,Thunder,Guard,190,81.0,USA,2001-02-03,0,18,60,22.8,10.4,2.9,1.5,0.8,0.2,,2901240,"years=+21, months=+2, days=+21"
1626246,Boban Marjanovic,Mavericks,Center,221,132.0,Serbia,1988-08-15,6,,286,9.2,5.9,3.8,0.5,0.2,0.3,2022-04-23,3500000,"years=+33, months=+8, days=+9"
1628374,Lauri Markkanen,Cavaliers,Forward,211,109.0,Finland,1997-05-22,4,7,282,29.7,15.4,6.8,1.3,0.7,0.5,,15690909,"years=+24, months=+11, days=+2"
1630230,Naji Marshall,Pelicans,Forward,201,100.0,USA,1998-01-24,1,,87,16.5,6.4,3.3,1.7,0.7,0.2,2022-04-24,1517981,"years=+24, months=+3"
1628997,Caleb Martin,Heat,Forward,196,93.0,USA,1995-09-28,2,,131,19.1,7.1,3.1,1.2,0.8,0.4,2022-04-24,844011,"years=+26, months=+6, days=+27"
1628998,Cody Martin,Hornets,Forward,198,93.0,USA,1995-09-28,2,36,171,21.2,5.8,3.5,2.1,1.0,0.3,,1782621,"years=+26, months=+6, days=+27"
1629726,Garrison Mathews,Rockets,Guard,196,98.0,USA,1996-10-24,2,,147,20.3,7.5,2.0,0.7,0.6,0.2,,2000000,"years=+25, months=+6"
202083,Wesley Matthews,Bucks,Guard,193,100.0,USA,1986-10-14,12,,898,30.5,12.2,2.9,2.0,1.0,0.2,2022-04-24,1958495,"years=+35, months=+6, days=+10"
1630178,Tyrese Maxey,76ers,Guard,188,91.0,USA,2000-11-04,1,21,136,26.4,13.2,2.5,3.2,0.6,0.3,2022-04-23,2602920,"years=+21, months=+5, days=+20"
1630219,Skylar Mays,Hawks,Guard,193,93.0,USA,1997-09-05,1,50,61,8.0,3.3,1.0,0.8,0.3,0.0,2022-04-24,510907,"years=+24, months=+7, days=+19"
1630540,Miles McBride,Knicks,Guard,185,88.0,USA,2000-09-08,0,36,40,9.3,2.2,1.1,1.0,0.4,0.0,,925258,"years=+21, months=+7, days=+16"
1630644,Mac McClung,Lakers,Guard,188,84.0,USA,1999-01-06,0,,2,12.0,4.0,1.5,0.5,0.5,0.5,,111670,"years=+23, months=+3, days=+18"
203468,CJ McCollum,Pelicans,Guard,190,86.0,USA,1991-09-19,8,10,590,31.6,19.2,3.5,3.5,0.9,0.4,2022-04-24,30864198,"years=+30, months=+7, days=+5"
1630183,Jaden McDaniels,Timberwolves,Forward,206,84.0,USA,2000-09-29,1,28,133,24.9,8.1,3.9,1.1,0.7,0.9,2022-04-23,2063280,"years=+21, months=+6, days=+26"
1629667,Jalen McDaniels,Hornets,Forward,206,93.0,USA,1998-01-31,2,52,118,17.7,6.6,3.4,1.1,0.5,0.4,,1782621,"years=+24, months=+2, days=+24"
203926,Doug McDermott,Spurs,Forward,201,102.0,USA,1992-01-03,7,11,527,20.9,9.2,2.3,0.9,0.2,0.1,,13750000,"years=+30, months=+3, days=+21"
201580,JaVale McGee,Suns,Center,213,122.0,USA,1988-01-19,13,18,821,17.0,8.0,5.3,0.4,0.4,1.5,2022-04-24,5000000,"years=+34, months=+3, days=+5"
203585,Rodney McGruder,Pistons,Guard,193,93.0,USA,1991-07-29,5,,285,19.8,5.8,2.8,1.2,0.5,0.2,,1939350,"years=+30, months=+8, days=+26"
1629162,Jordan McLaughlin,Timberwolves,Guard,180,84.0,USA,1996-04-09,2,,143,17.0,5.0,1.8,3.5,1.0,0.1,2022-04-23,2000000,"years=+26, days=+15"
203463,Ben McLemore,Trail Blazers,Guard,190,88.0,USA,1993-02-11,8,7,556,22.5,9.0,2.3,1.0,0.6,0.2,,2389641,"years=+29, months=+2, days=+13"
1629001,De'Anthony Melton,Grizzlies,Guard,188,91.0,USA,1998-05-28,3,46,235,20.7,8.4,3.6,2.8,1.3,0.5,2022-04-23,8805976,"years=+23, months=+10, days=+27"
1629002,Chimezie Metu,Kings,Forward,206,102.0,USA,1997-03-22,3,49,143,14.1,6.1,3.6,0.8,0.5,0.4,,1762796,"years=+25, months=+1, days=+2"
203114,Khris Middleton,Bucks,Forward,201,101.0,USA,1991-08-12,9,39,651,31.8,17.1,4.9,3.8,1.2,0.2,2022-04-24,35500000,"years=+30, months=+8, days=+12"
200794,Paul Millsap,76ers,Forward,201,117.0,USA,1985-02-10,15,47,1085,28.1,13.4,7.1,2.2,1.2,1.0,2022-04-23,2641691,"years=+37, months=+2, days=+14"
1629003,Shake Milton,76ers,Guard,196,93.0,USA,1996-09-26,3,54,178,20.9,9.7,2.3,2.6,0.5,0.3,2022-04-23,1846738,"years=+25, months=+6, days=+29"
1630558,Davion Mitchell,Kings,Guard,183,92.0,USA,1998-09-05,0,9,75,27.7,11.5,2.2,4.2,0.7,0.3,,4603200,"years=+23, months=+7, days=+19"
1628378,Donovan Mitchell,Jazz,Guard,185,98.0,USA,1996-09-07,4,13,345,33.7,23.9,4.2,4.5,1.3,0.3,2022-04-23,28103500,"years=+25, months=+7, days=+17"
1630596,Evan Mobley,Cavaliers,Center,211,98.0,USA,2001-06-18,0,3,69,33.8,15.0,8.3,2.5,0.8,1.7,,8075160,"years=+20, months=+10, days=+6"
1628370,Malik Monk,Lakers,Guard,190,91.0,USA,1998-02-04,4,11,309,20.4,10.3,2.3,2.0,0.5,0.2,,1789256,"years=+24, months=+2, days=+20"
202328,Greg Monroe,Timberwolves,Forward,208,113.0,USA,1990-06-04,9,7,646,27.4,13.0,8.2,2.1,1.1,0.6,2022-04-23,612805,"years=+31, months=+10, days=+20"
1630541,Moses Moody,Warriors,Guard,196,96.0,USA,2002-05-31,0,14,52,11.7,4.4,1.5,0.4,0.1,0.2,2022-04-24,3562200,"years=+19, months=+10, days=+24"
1629875,Xavier Moon,Clippers,Guard,188,75.0,USA,1995-01-02,0,,10,13.7,5.8,1.4,2.4,0.7,0.3,,202069,"years=+27, months=+3, days=+22"
1629630,Ja Morant,Grizzlies,Guard,190,79.0,USA,1999-08-10,2,2,187,32.2,21.2,4.5,7.1,1.0,0.3,2022-04-23,9603360,"years=+22, months=+8, days=+14"
1629752,Juwan Morgan,Celtics,Forward,201,105.0,USA,1997-04-17,2,,52,6.0,1.5,1.2,0.3,0.1,0.1,2022-04-23,211046,"years=+25, days=+7"
202693,Markieff Morris,Heat,Forward,206,111.0,USA,1989-09-02,10,13,715,24.8,10.9,5.2,1.6,0.8,0.5,2022-04-24,2641691,"years=+32, months=+7, days=+22"
1628420,Monte Morris,Nuggets,Guard,188,83.0,USA,1995-06-27,4,51,280,25.2,10.5,2.3,3.7,0.8,0.2,2022-04-24,8449074,"years=+26, months=+9, days=+28"
1628539,Mychal Mulder,Heat,Guard,190,88.0,Canada,1994-06-12,2,,84,14.4,5.8,1.3,0.5,0.2,0.2,2022-04-24,257902,"years=+27, months=+10, days=+12"
1627749,Dejounte Murray,Spurs,Guard,193,82.0,USA,1996-09-19,4,29,320,25.8,12.5,6.0,4.8,1.4,0.3,,15428880,"years=+25, months=+7, days=+5"
1627750,Jamal Murray,Nuggets,Guard,190,98.0,Canada,1997-02-23,5,7,345,30.1,16.3,3.6,3.8,1.0,0.3,2022-04-24,29467800,"years=+25, months=+2, days=+1"
203488,Mike Muscala,Thunder,Forward,208,109.0,USA,1991-07-01,8,44,432,15.5,6.2,3.2,0.9,0.3,0.5,,3500000,"years=+30, months=+9, days=+23"
1630174,Aaron Nesmith,Celtics,Guard,196,98.0,USA,1999-10-16,1,14,98,12.7,4.2,2.2,0.5,0.4,0.1,2022-04-23,3631200,"years=+22, months=+6, days=+8"
203526,Raul Neto,Wizards,Guard,188,82.0,Brazil,1992-05-19,6,47,387,16.2,6.0,1.6,2.2,0.7,0.1,,2089448,"years=+29, months=+11, days=+5"
1627777,Georges Niang,76ers,Forward,201,104.0,USA,1993-06-17,5,50,305,14.6,6.1,2.0,0.8,0.3,0.1,2022-04-23,3300000,"years=+28, months=+10, days=+7"
1630227,Daishen Nix,Rockets,Guard,193,103.0,USA,2002-02-13,0,,24,10.9,3.2,1.4,1.7,0.6,0.0,,923078,"years=+20, months=+2, days=+11"
1630192,Zeke Nnaji,Nuggets,Forward,206,109.0,USA,2001-01-09,1,22,83,13.2,4.9,2.6,0.3,0.3,0.2,2022-04-24,2498760,"years=+21, months=+3, days=+15"
203457,Nerlens Noel,Knicks,Center,211,100.0,USA,1994-04-10,7,6,450,22.4,7.3,6.2,1.1,1.3,1.5,,8800000,"years=+28, days=+14"
1629669,Jaylen Nowell,Timberwolves,Guard,193,91.0,USA,1999-07-09,2,43,119,15.8,8.1,1.9,1.8,0.4,0.2,2022-04-23,1782621,"years=+22, months=+9, days=+15"
1628373,Frank Ntilikina,Mavericks,Guard,193,91.0,France,1998-07-28,4,8,269,17.9,5.2,1.8,2.3,0.7,0.2,2022-04-23,1789256,"years=+23, months=+8, days=+27"
1629134,Kendrick Nunn,Lakers,Guard,188,86.0,USA,1995-08-03,2,,123,29.4,15.0,2.9,3.0,0.9,0.2,,5000000,"years=+26, months=+8, days=+21"
203994,Jusuf Nurkic,Trail Blazers,Center,211,132.0,Bosnia and Herzegovina,1994-08-23,7,16,411,23.9,12.2,8.5,2.2,0.9,1.2,,12000000,"years=+27, months=+8, days=+1"
1628021,David Nwaba,Rockets,Guard,196,99.0,USA,1993-01-14,5,,237,19.3,6.8,3.7,1.0,0.7,0.4,,4650000,"years=+29, months=+3, days=+10"
1629670,Jordan Nwora,Bucks,Forward,203,102.0,USA,1998-09-09,1,45,92,15.9,7.2,3.1,0.7,0.5,0.3,2022-04-24,1517981,"years=+23, months=+7, days=+15"
1626220,Royce O'Neale,Jazz,Forward,196,103.0,USA,1993-06-05,4,,370,25.7,6.2,4.8,2.1,0.8,0.4,2022-04-23,8800000,"years=+28, months=+10, days=+19"
1629643,Chuma Okeke,Magic,Forward,198,104.0,USA,1998-08-18,1,16,115,25.1,8.3,4.6,1.9,1.3,0.6,,3277080,"years=+23, months=+8, days=+6"
1629006,Josh Okogie,Timberwolves,Guard,193,97.0,Nigeria,1998-09-01,3,20,244,20.6,6.4,2.9,1.1,1.0,0.4,2022-04-23,4087904,"years=+23, months=+7, days=+23"
1630168,Onyeka Okongwu,Hawks,Forward,203,109.0,USA,2000-12-11,1,6,98,16.3,6.3,4.6,0.7,0.6,0.9,2022-04-24,6104280,"years=+21, months=+4, days=+13"
1630171,Isaac Okoro,Cavaliers,Forward,196,102.0,USA,2001-01-26,1,5,134,31.0,9.2,3.0,1.9,0.9,0.3,,6720720,"years=+21, months=+2, days=+29"
203506,Victor Oladipo,Heat,Guard,193,97.0,USA,1992-05-04,8,2,462,32.8,17.4,4.6,3.9,1.6,0.5,2022-04-24,2389641,"years=+29, months=+11, days=+20"
203482,Kelly Olynyk,Pistons,Forward,211,109.0,Canada,1991-04-19,8,13,610,22.0,10.1,5.1,2.0,0.8,0.5,,12195122,"years=+31, days=+5"
1626224,Cedi Osman,Cavaliers,Forward,201,104.0,Turkey,1995-04-08,4,31,327,24.5,10.0,3.2,2.1,0.7,0.1,,8133334,"years=+27, days=+16"
1629672,Eric Paschall,Jazz,Forward,198,116.0,USA,1996-11-04,2,41,158,19.5,9.8,3.2,1.4,0.3,0.2,2022-04-23,1782621,"years=+25, months=+5, days=+20"
101108,Chris Paul,Suns,Guard,183,79.0,USA,1985-05-06,16,4,1155,34.5,18.1,4.5,9.5,2.1,0.1,2022-04-24,30800000,"years=+36, months=+11, days=+18"
1626166,Cameron Payne,Suns,Guard,185,83.0,USA,1994-08-08,6,14,279,17.9,7.6,2.2,3.2,0.7,0.2,2022-04-24,6500000,"years=+27, months=+8, days=+16"
203901,Elfrid Payton,Suns,Guard,190,88.0,USA,1994-02-22,7,10,500,26.8,10.1,4.0,5.7,1.2,0.3,2022-04-24,2239544,"years=+28, months=+2, days=+2"
1627780,Gary Payton II,Warriors,Guard,190,88.0,USA,1992-12-01,5,,142,14.5,5.2,2.8,1.1,1.0,0.3,2022-04-24,1669178,"years=+29, months=+4, days=+23"
1630691,Jamorko Pickett,Pistons,Forward,206,93.0,USA,1997-12-24,0,,13,13.5,3.8,2.5,0.5,0.0,0.5,,462629,"years=+24, months=+4"
1629033,Theo Pinson,Mavericks,Guard,196,96.0,USA,1995-11-05,3,,87,8.7,2.9,1.3,1.1,0.3,0.1,2022-04-23,440710,"years=+26, months=+5, days=+19"
203486,Mason Plumlee,Hornets,Forward,211,115.0,USA,1990-03-05,8,22,661,22.3,8.3,6.6,2.4,0.8,0.9,,9248333,"years=+32, months=+1, days=+19"
1627751,Jakob Poeltl,Spurs,Center,216,111.0,Austria,1995-10-15,5,9,416,20.2,7.3,6.1,1.4,0.5,1.3,,8750000,"years=+26, months=+6, days=+9"
1630197,Aleksej Pokusevski,Thunder,Forward,213,86.0,Serbia,2001-12-26,1,17,106,21.9,7.8,5.0,2.2,0.6,0.8,,3113160,"years=+20, months=+3, days=+29"
1630582,Yves Pons,Grizzlies,Forward,196,93.0,France,1999-05-07,0,,12,5.9,1.1,1.0,0.1,0.1,0.3,2022-04-23,462629,"years=+22, months=+11, days=+17"
1629673,Jordan Poole,Warriors,Guard,193,88.0,USA,1999-06-19,2,28,184,24.7,13.7,2.6,2.9,0.7,0.2,2022-04-24,2161440,"years=+22, months=+10, days=+5"
1626171,Bobby Portis,Bucks,Forward,208,113.0,USA,1995-02-10,6,22,453,21.7,11.1,6.6,1.2,0.6,0.4,2022-04-24,4347600,"years=+27, months=+2, days=+14"
204001,Kristaps Porzingis,Wizards,Forward,221,109.0,Latvia,1995-08-02,5,4,337,30.8,18.9,7.9,1.6,0.7,1.9,,31650600,"years=+26, months=+8, days=+22"
203939,Dwight Powell,Mavericks,Forward,208,109.0,Canada,1991-07-20,7,45,511,19.0,7.7,4.6,1.0,0.6,0.5,2022-04-23,11080125,"years=+30, months=+9, days=+4"
1629619,Myles Powell,76ers,Guard,188,88.0,USA,1997-07-07,0,,11,4.7,1.2,0.5,0.3,0.1,0.0,2022-04-23,300443,"years=+24, months=+9, days=+17"
1626181,Norman Powell,Clippers,Guard,190,98.0,USA,1993-05-25,6,46,421,22.4,11.3,2.6,1.5,0.8,0.3,,15517242,"years=+28, months=+10, days=+30"
1627752,Taurean Prince,Timberwolves,Forward,198,99.0,USA,1994-03-22,5,12,370,24.2,10.5,3.9,1.7,0.8,0.4,2022-04-23,13000000,"years=+28, months=+1, days=+2"
1630202,Payton Pritchard,Celtics,Guard,185,88.0,USA,1998-01-28,1,26,137,16.6,6.9,2.1,1.9,0.5,0.1,2022-04-23,2137440,"years=+24, months=+2, days=+27"
1630243,Trevelin Queen,Rockets,Guard,198,86.0,USA,1997-02-25,0,,10,7.4,4.3,1.6,0.4,0.5,0.1,,303102,"years=+25, months=+1, days=+30"
1629674,Neemias Queta,Kings,Center,213,112.0,Portugal,1999-07-13,0,39,15,8.0,3.0,2.1,0.4,0.1,0.5,,462629,"years=+22, months=+9, days=+11"
1630193,Immanuel Quickley,Knicks,Guard,190,86.0,USA,1999-06-17,1,25,142,21.5,11.4,2.7,2.8,0.6,0.1,,2210640,"years=+22, months=+10, days=+7"
203944,Julius Randle,Knicks,Forward,203,113.0,USA,1994-11-29,7,7,518,31.2,17.7,9.3,3.6,0.7,0.5,,21780000,"years=+27, months=+4, days=+26"
1630559,Austin Reaves,Lakers,Guard,196,89.0,USA,1998-05-29,0,,61,23.2,7.3,3.2,1.8,0.5,0.3,,925258,"years=+23, months=+10, days=+26"
1629629,Cam Reddish,Knicks,Forward,203,98.0,USA,1999-09-01,2,10,133,24.9,10.5,3.2,1.3,1.1,0.4,,4670160,"years=+22, months=+7, days=+23"
1628432,Davon Reed,Nuggets,Guard,196,93.0,USA,1995-06-11,2,32,79,12.1,3.6,1.9,0.9,0.4,0.1,2022-04-24,532398,"years=+26, months=+10, days=+13"
1630194,Paul Reed,76ers,Forward,206,95.0,USA,1999-06-14,1,58,64,7.5,3.2,2.4,0.4,0.7,0.4,2022-04-23,1517981,"years=+22, months=+10, days=+10"
1629675,Naz Reid,Timberwolves,Center,206,120.0,USA,1999-08-26,2,,177,17.3,9.5,4.2,1.0,0.5,1.0,2022-04-23,1782621,"years=+22, months=+7, days=+29"
1630208,Nick Richards,Hornets,Center,213,111.0,Jamaica,1997-11-29,1,42,68,6.3,2.4,1.4,0.2,0.1,0.3,,1517981,"years=+24, months=+4, days=+26"
1626196,Josh Richardson,Spurs,Guard,196,91.0,USA,1993-09-15,6,40,438,29.8,12.0,3.1,2.7,1.1,0.6,,11615328,"years=+28, months=+7, days=+9"
203085,Austin Rivers,Nuggets,Guard,193,91.0,USA,1992-08-01,9,10,655,24.2,8.8,2.1,2.2,0.7,0.2,2022-04-24,2401537,"years=+29, months=+8, days=+23"
1629130,Duncan Robinson,Heat,Forward,201,98.0,USA,1994-04-22,3,,239,27.7,11.9,2.9,1.5,0.5,0.2,2022-04-24,15650000,"years=+28, days=+2"
1629011,Mitchell Robinson,Knicks,Center,213,109.0,USA,1998-04-01,3,36,230,23.8,8.4,7.5,0.6,0.9,2.0,,1802057,"years=+24, days=+23"
1630526,Jeremiah Robinson-Earl,Thunder,Forward,203,110.0,USA,2000-11-03,0,32,49,22.2,7.5,5.6,1.0,0.6,0.3,,2000000,"years=+21, months=+5, days=+21"
1629676,Isaiah Roby,Thunder,Forward,203,104.0,USA,1998-02-03,2,45,109,21.9,9.1,5.1,1.6,0.8,0.7,,1782621,"years=+24, months=+2, days=+21"
200765,Rajon Rondo,Cavaliers,Guard,185,82.0,USA,1986-02-22,15,21,957,29.9,9.8,4.5,7.9,1.6,0.1,,7500000,"years=+36, months=+2, days=+2"
201565,Derrick Rose,Knicks,Guard,188,91.0,USA,1988-10-04,12,1,672,31.7,18.2,3.3,5.4,0.8,0.3,,13445120,"years=+33, months=+6, days=+20"
203082,Terrence Ross,Magic,Guard,198,93.0,USA,1991-02-05,9,8,670,24.8,11.2,2.8,1.3,0.8,0.3,,12500000,"years=+31, months=+2, days=+19"
1626179,Terry Rozier,Hornets,Guard,185,86.0,USA,1994-03-17,6,16,477,26.1,12.7,3.9,3.2,0.9,0.2,,17905263,"years=+28, months=+1, days=+7"
201937,Ricky Rubio,Pacers,Guard,188,86.0,Spain,1990-10-21,10,5,665,30.3,11.1,4.2,7.6,1.8,0.1,,17800000,"years=+31, months=+6, days=+3"
1626156,D'Angelo Russell,Timberwolves,Guard,193,88.0,USA,1996-02-23,6,2,424,29.4,17.7,3.5,5.6,1.1,0.3,2022-04-23,30013500,"years=+26, months=+2, days=+1"
1630346,Matt Ryan,Celtics,Forward,201,98.0,USA,1997-04-17,0,,1,5.0,3.0,0.0,0.0,1.0,0.0,2022-04-23,111669,"years=+25, days=+7"
1627734,Domantas Sabonis,Kings,Forward,211,109.0,Lithuania,1996-05-03,5,11,415,28.4,14.4,9.2,3.6,0.7,0.4,,18500000,"years=+25, months=+11, days=+21"
203967,Dario Saric,Suns,Forward,208,102.0,Croatia,1994-04-08,5,12,356,25.2,11.7,5.9,2.0,0.6,0.2,2022-04-24,8510000,"years=+28, days=+16"
203107,Tomas Satoransky,Wizards,Guard,201,95.0,Czech Republic,1991-10-30,5,32,388,22.2,6.9,2.9,4.1,0.8,0.2,,10000000,"years=+30, months=+5, days=+25"
1630648,Jordan Schakel,Wizards,Guard,198,91.0,USA,1998-06-13,0,,4,7.5,1.3,2.0,0.0,0.3,0.0,,53176,"years=+23, months=+10, days=+11"
1629678,Admiral Schofield,Magic,Forward,196,109.0,United Kingdom,1997-03-30,1,42,71,11.8,3.5,1.9,0.6,0.2,0.1,,723741,"years=+25, days=+25"
1630206,Jay Scrubb,Clippers,Guard,196,100.0,USA,2000-09-01,1,55,22,9.4,3.8,1.4,0.4,0.4,0.1,,462629,"years=+21, months=+7, days=+23"
1630578,Alperen Sengun,Rockets,Center,208,110.0,Turkey,2002-07-25,0,16,72,20.7,9.6,5.5,2.6,0.8,0.9,,3214680,"years=+19, months=+8, days=+30"
1629012,Collin Sexton,Cavaliers,Guard,185,86.0,USA,1999-01-04,3,8,218,32.9,20.0,3.0,3.3,0.8,0.1,,6349671,"years=+23, months=+3, days=+20"
1629013,Landry Shamet,Suns,Guard,193,86.0,USA,1997-03-13,3,26,262,23.3,9.0,1.8,1.6,0.4,0.1,2022-04-24,3768342,"years=+25, months=+1, days=+11"
1630549,Day'Ron Sharpe,Nets,Forward,206,120.0,USA,2001-11-06,0,29,32,12.2,6.2,5.0,0.5,0.3,0.5,2022-04-23,2009160,"years=+20, months=+5, days=+18"
1627783,Pascal Siakam,Raptors,Forward,203,104.0,Cameroon,1994-04-02,5,27,400,29.5,15.7,6.3,3.1,0.9,0.7,2022-04-23,33003936,"years=+28, days=+22"
1627732,Ben Simmons,Nets,Guard,211,109.0,Australia,1996-07-20,4,1,275,33.9,15.9,8.1,7.7,1.7,0.7,2022-04-23,33003936,"years=+25, months=+9, days=+4"
1630250,Marko Simonovic,Bulls,Center,211,100.0,Montenegro,1999-10-15,0,44,9,3.9,1.9,1.1,0.0,0.1,0.1,2022-04-24,925258,"years=+22, months=+6, days=+9"
1629014,Anfernee Simons,Trail Blazers,Guard,190,82.0,USA,1999-06-08,3,24,211,20.7,10.2,2.2,2.0,0.4,0.1,,3938818,"years=+22, months=+10, days=+16"
1630579,Jericho Sims,Knicks,Center,206,113.0,USA,1998-10-20,0,58,41,13.5,2.2,4.1,0.5,0.3,0.5,,462629,"years=+23, months=+6, days=+4"
203935,Marcus Smart,Celtics,Guard,193,100.0,USA,1994-03-06,7,6,520,29.8,10.5,3.6,4.5,1.6,0.4,2022-04-23,14339285,"years=+28, months=+1, days=+18"
1630188,Jalen Smith,Pacers,Forward,208,98.0,USA,2000-03-16,1,10,78,13.8,6.7,4.4,0.4,0.2,0.6,,4458000,"years=+22, months=+1, days=+8"
1630270,Xavier Sneed,Jazz,Forward,196,98.0,USA,1997-12-21,0,,9,4.3,0.6,0.7,0.1,0.0,0.0,2022-04-23,146233,"years=+24, months=+4, days=+3"
203503,Tony Snell,Pelicans,Guard,198,97.0,USA,1991-11-10,8,20,601,21.8,6.1,2.3,1.1,0.4,0.2,2022-04-24,2389641,"years=+30, months=+5, days=+14"
1630531,Jaden Springer,76ers,Guard,193,92.0,USA,2002-09-25,0,28,2,3.0,1.0,1.0,0.0,0.0,1.0,2022-04-23,2023680,"years=+19, months=+6, days=+30"
203917,Nik Stauskas,Celtics,Guard,198,94.0,Canada,1993-10-07,5,8,343,19.5,6.7,2.0,1.5,0.4,0.2,2022-04-23,534993,"years=+28, months=+6, days=+17"
202362,Lance Stephenson,Pacers,Forward,196,95.0,USA,1990-09-05,9,40,554,22.9,8.6,4.1,2.9,0.6,0.1,,1614825,"years=+31, months=+7, days=+19"
1630205,Lamar Stevens,Cavaliers,Forward,198,104.0,USA,1997-07-09,1,,103,14.7,5.3,2.5,0.7,0.5,0.3,,1517981,"years=+24, months=+9, days=+15"
1630191,Isaiah Stewart,Pistons,Forward,203,113.0,USA,2001-05-22,1,16,139,23.5,8.1,7.7,1.0,0.4,1.2,,3277080,"years=+20, months=+11, days=+2"
1629622,Max Strus,Heat,Guard,196,98.0,USA,1996-03-28,2,,109,19.3,8.8,2.2,1.1,0.4,0.2,2022-04-24,1669178,"years=+26, days=+27"
1630591,Jalen Suggs,Magic,Guard,196,93.0,USA,2001-06-03,0,5,48,27.2,11.8,3.6,4.4,1.2,0.4,,6592920,"years=+20, months=+10, days=+21"
1630256,Jae'Sean Tate,Rockets,Forward,193,104.0,USA,1995-10-28,1,,148,27.7,11.6,5.4,2.7,1.1,0.5,,1517981,"years=+26, months=+5, days=+27"
1628369,Jayson Tatum,Celtics,Forward,203,95.0,USA,1998-03-03,4,3,365,33.4,20.9,6.6,3.0,1.1,0.7,2022-04-23,28103500,"years=+24, months=+1, days=+21"
1630678,Terry Taylor,Pacers,Forward,196,104.0,USA,1999-09-23,0,,33,21.6,9.6,5.2,1.2,0.4,0.2,,895125,"years=+22, months=+7, days=+1"
202066,Garrett Temple,Pelicans,Guard,196,88.0,USA,1986-05-08,11,,691,21.4,6.4,2.3,1.7,0.8,0.3,2022-04-24,4910000,"years=+35, months=+11, days=+16"
1630179,Tyrell Terry,Grizzlies,Guard,188,73.0,USA,2000-09-28,1,31,13,4.5,1.0,0.5,0.5,0.4,0.0,2022-04-23,1869438,"years=+21, months=+6, days=+27"
1628464,Daniel Theis,Celtics,Forward,206,111.0,Germany,1992-04-04,4,,306,19.6,7.6,4.9,1.3,0.5,0.9,2022-04-23,8280351,"years=+30, days=+20"
1630271,Brodric Thomas,Celtics,Guard,196,84.0,USA,1997-01-28,1,,44,10.4,3.3,1.4,0.9,0.4,0.3,2022-04-23,462629,"years=+25, months=+2, days=+27"
1630560,Cam Thomas,Nets,Guard,190,95.0,Japan,2001-10-13,0,27,67,17.6,8.5,2.4,1.2,0.5,0.1,2022-04-23,2036280,"years=+20, months=+6, days=+11"
202738,Isaiah Thomas,Hornets,Guard,175,84.0,USA,1989-02-07,10,60,550,28.3,17.7,2.4,4.8,0.9,0.1,,910926,"years=+33, months=+2, days=+17"
1629744,Matt Thomas,Bulls,Guard,190,86.0,USA,1994-08-04,2,,126,9.7,4.0,1.2,0.5,0.2,0.0,2022-04-24,1669178,"years=+27, months=+8, days=+20"
202691,Klay Thompson,Warriors,Guard,198,100.0,USA,1990-02-08,8,11,647,32.9,19.5,3.5,2.3,0.9,0.5,2022-04-24,37980720,"years=+32, months=+2, days=+16"
202684,Tristan Thompson,Bulls,Center,206,115.0,Canada,1991-03-13,10,4,730,26.8,9.0,8.4,1.0,0.5,0.7,2022-04-24,9946611,"years=+31, months=+1, days=+11"
1630550,JT Thor,Hornets,Forward,206,92.0,USA,2002-08-26,0,37,33,7.9,2.0,1.3,0.6,0.2,0.3,,1250000,"years=+19, months=+7, days=+29"
1629680,Matisse Thybulle,76ers,Guard,196,91.0,USA,1997-03-04,2,20,196,21.8,4.8,1.9,1.1,1.6,1.0,2022-04-23,2840160,"years=+25, months=+1, days=+20"
1629681,Killian Tillie,Grizzlies,Forward,206,100.0,France,1998-03-05,1,,54,11.9,3.2,1.6,0.6,0.5,0.4,2022-04-23,1901625,"years=+24, months=+1, days=+19"
1630214,Xavier Tillman,Grizzlies,Forward,203,111.0,USA,1999-01-12,1,35,112,15.9,5.7,3.7,1.2,0.8,0.4,2022-04-23,1517981,"years=+23, months=+3, days=+12"
1630225,Isaiah Todd,Wizards,Forward,206,99.0,USA,2001-10-17,0,31,12,6.2,1.7,1.0,0.3,0.3,0.2,,1500000,"years=+20, months=+6, days=+7"
1630167,Obi Toppin,Knicks,Forward,206,100.0,USA,1998-03-04,1,8,134,14.3,6.7,3.0,0.8,0.3,0.4,,5105160,"years=+24, months=+1, days=+20"
1629308,Juan Toscano-Anderson,Warriors,Forward,198,95.0,USA,1993-04-10,2,,139,17.1,4.8,3.3,2.2,0.7,0.3,2022-04-24,1701593,"years=+29, days=+14"
1626157,Karl-Anthony Towns,Timberwolves,Center,211,112.0,USA,1995-11-15,6,1,482,34.2,23.2,11.3,3.1,0.8,1.4,2022-04-23,31650600,"years=+26, months=+5, days=+9"
1629730,Rayjon Tucker,Bucks,Guard,190,95.0,USA,1997-09-24,2,,39,7.7,3.0,1.0,0.5,0.2,0.0,2022-04-24,220639,"years=+24, months=+7"
1626167,Myles Turner,Pacers,Center,211,113.0,USA,1996-03-24,6,11,431,28.7,12.7,6.7,1.2,0.7,2.3,,18000000,"years=+26, months=+1"
202685,Jonas Valanciunas,Pelicans,Center,211,120.0,Lithuania,1992-05-06,9,5,695,26.1,13.4,9.5,1.2,0.4,1.0,2022-04-24,14000000,"years=+29, months=+11, days=+18"
1627832,Fred VanVleet,Raptors,Guard,185,89.0,USA,1994-02-25,5,,348,28.3,13.7,3.2,4.9,1.3,0.4,2022-04-23,19675926,"years=+28, months=+1, days=+30"
1629020,Jarred Vanderbilt,Timberwolves,Forward,206,97.0,USA,1999-04-03,3,41,166,18.9,5.4,6.2,1.1,1.0,0.6,2022-04-23,4050000,"years=+23, days=+21"
1630170,Devin Vassell,Spurs,Guard,196,91.0,USA,2000-08-23,1,11,133,22.5,9.1,3.6,1.4,0.9,0.4,,4235160,"years=+21, months=+8, days=+1"
1630492,Luca Vildoza,Bucks,Guard,190,86.0,Argentina,1995-08-11,0,,0,,,,,,,2022-04-24,42789,"years=+26, months=+8, days=+13"
1629216,Gabe Vincent,Heat,Guard,190,91.0,USA,1996-06-14,2,,127,18.3,6.7,1.5,2.2,0.7,0.1,2022-04-24,1669178,"years=+25, months=+10, days=+10"
202696,Nikola Vucevic,Bulls,Center,208,118.0,Montenegro,1990-10-24,10,16,741,30.9,16.9,10.4,2.7,0.9,0.9,2022-04-24,24000000,"years=+31, months=+6"
1629731,Dean Wade,Cavaliers,Forward,206,103.0,USA,1996-11-20,2,,126,18.0,5.3,3.0,1.0,0.5,0.3,,1782621,"years=+25, months=+5, days=+4"
1630532,Franz Wagner,Magic,Forward,208,100.0,Germany,2001-08-27,0,8,79,30.7,15.2,4.5,2.9,0.9,0.4,,5007840,"years=+20, months=+7, days=+28"
1629021,Moritz Wagner,Magic,Forward,211,111.0,Germany,1997-04-26,3,25,196,15.1,7.5,3.5,1.1,0.4,0.3,,1729217,"years=+24, months=+11, days=+29"
202689,Kemba Walker,Knicks,Guard,183,83.0,USA,1990-05-08,10,9,741,33.3,19.5,3.8,5.3,1.2,0.4,,34967442,"years=+31, months=+11, days=+16"
202322,John Wall,Rockets,Guard,190,95.0,USA,1990-09-06,10,1,613,35.6,19.1,4.3,9.1,1.7,0.7,,44310840,"years=+31, months=+7, days=+18"
1629139,Yuta Watanabe,Raptors,Guard,206,98.0,Japan,1994-10-13,3,,121,12.0,3.8,2.5,0.6,0.4,0.3,2022-04-23,1762796,"years=+27, months=+6, days=+11"
1630322,Lindy Waters III,Thunder,Forward,198,98.0,USA,1997-07-28,0,,25,18.6,8.0,2.9,1.0,0.8,0.3,,159527,"years=+24, months=+8, days=+27"
1630570,Trendon Watford,Trail Blazers,Forward,203,108.0,USA,2000-11-09,0,,48,18.1,7.6,4.1,1.7,0.5,0.6,,768830,"years=+21, months=+5, days=+15"
1629683,Quinndary Weatherspoon,Warriors,Guard,190,93.0,USA,1996-09-10,2,49,42,6.5,2.1,0.8,0.6,0.3,0.1,2022-04-24,346491,"years=+25, months=+7, days=+14"
201566,Russell Westbrook,Lakers,Guard,190,91.0,USA,1988-11-12,13,4,1021,34.7,22.8,7.4,8.4,1.7,0.3,,44211146,"years=+33, months=+5, days=+12"
1629632,Coby White,Bulls,Guard,193,88.0,USA,2000-02-16,2,7,195,28.2,13.7,3.6,3.5,0.6,0.2,2022-04-24,5837760,"years=+22, months=+2, days=+8"
1628401,Derrick White,Celtics,Guard,193,86.0,USA,1994-07-02,4,29,263,25.9,11.5,3.3,3.8,0.8,0.8,2022-04-23,15678571,"years=+27, months=+9, days=+22"
202355,Hassan Whiteside,Jazz,Center,213,120.0,USA,1989-06-13,9,33,511,24.7,12.6,10.8,0.6,0.5,2.2,2022-04-23,2401537,"years=+32, months=+10, days=+11"
1630580,Joe Wieskamp,Spurs,Guard,198,93.0,USA,1999-08-23,0,41,29,7.1,2.1,0.5,0.3,0.1,0.1,,563663,"years=+22, months=+8, days=+1"
1630598,Aaron Wiggins,Thunder,Guard,193,86.0,USA,1999-01-02,0,55,50,24.2,8.3,3.6,1.4,0.6,0.2,,1305761,"years=+23, months=+3, days=+22"
203952,Andrew Wiggins,Warriors,Forward,201,89.0,Canada,1995-02-23,7,1,598,35.0,19.3,4.4,2.3,1.0,0.7,2022-04-24,31579390,"years=+27, months=+2, days=+1"
1629623,Lindell Wigginton,Bucks,Guard,185,86.0,Canada,1998-03-28,0,,19,10.5,4.2,1.3,1.2,0.3,0.1,2022-04-24,233973,"years=+24, days=+27"
1630314,Brandon Williams,Trail Blazers,Guard,188,86.0,USA,1999-11-22,0,,24,26.7,12.9,3.1,3.9,1.0,0.4,,180798,"years=+22, months=+5, days=+2"
1629684,Grant Williams,Celtics,Forward,198,107.0,USA,1998-11-30,2,22,209,19.4,5.4,3.0,1.0,0.5,0.6,2022-04-23,2617800,"years=+23, months=+4, days=+25"
1629026,Kenrich Williams,Thunder,Guard,198,95.0,USA,1994-12-02,3,,200,22.1,6.5,4.5,2.0,0.9,0.3,,2000000,"years=+27, months=+4, days=+22"
1630172,Patrick Williams,Bulls,Forward,201,98.0,USA,2001-08-26,1,4,88,27.3,9.2,4.5,1.3,0.8,0.6,2022-04-24,7422000,"years=+20, months=+7, days=+29"
1630533,Ziaire Williams,Grizzlies,Forward,206,84.0,USA,2001-09-12,0,10,62,21.7,8.1,2.1,1.0,0.6,0.2,2022-04-23,4373040,"years=+20, months=+7, days=+12"
1629627,Zion Williamson,Pelicans,Forward,198,129.0,USA,2000-07-06,2,1,85,31.7,25.7,7.0,3.2,0.9,0.6,2022-04-24,10733400,"years=+21, months=+9, days=+18"
1629685,Dylan Windler,Cavaliers,Guard,198,89.0,USA,1996-09-22,1,26,81,12.0,3.3,2.4,0.8,0.4,0.2,,2239200,"years=+25, months=+7, days=+2"
1626159,Justise Winslow,Trail Blazers,Forward,198,101.0,USA,1996-03-26,6,10,315,25.8,8.4,5.1,2.5,0.9,0.4,,3902439,"years=+26, days=+29"
1630216,Cassius Winston,Wizards,Guard,185,84.0,USA,1998-02-28,1,53,29,4.7,1.9,0.3,0.7,0.1,0.0,,462629,"years=+24, months=+1, days=+27"
1630164,James Wiseman,Warriors,Center,213,109.0,USA,2001-03-31,1,2,39,21.4,11.5,5.8,0.7,0.3,0.9,2022-04-24,9166800,"years=+21, days=+24"
1626174,Christian Wood,Rockets,Forward,206,97.0,USA,1995-09-27,5,,222,23.6,14.2,7.3,1.3,0.6,0.9,,13666667,"years=+26, months=+6, days=+28"
1626153,Delon Wright,Hawks,Guard,196,84.0,USA,1992-04-26,6,20,411,20.9,7.2,3.2,3.0,1.2,0.4,2022-04-24,8526316,"years=+29, months=+11, days=+29"
1630589,Moses Wright,Mavericks,Forward,203,103.0,USA,1998-12-23,0,,4,3.8,1.3,0.8,0.5,0.0,0.3,2022-04-23,172821,"years=+23, months=+4, days=+1"
201152,Thaddeus Young,Raptors,Forward,203,107.0,USA,1988-06-21,14,12,1085,29.3,12.8,5.8,1.8,1.4,0.4,2022-04-23,14190000,"years=+33, months=+10, days=+3"
1629027,Trae Young,Hawks,Guard,185,74.0,USA,1998-09-19,3,5,280,33.6,25.3,3.9,9.1,0.9,0.2,2022-04-24,8326471,"years=+23, months=+7, days=+5"
1630209,Omer Yurtseven,Heat,Center,211,125.0,Turkey,1998-06-19,0,,56,12.6,5.3,5.3,0.9,0.3,0.4,2022-04-24,1489065,"years=+23, months=+10, days=+5"
1627826,Ivica Zubac,Clippers,Center,213,109.0,Croatia,1997-03-18,5,32,360,19.0,8.3,6.5,1.1,0.3,0.8,,7518518,"years=+25, months=+1, days=+6"
