PLAYER_ID,PLAYER_NAME,TEAM_NAME,POSITION,HEIGHT,WEIGHT,COUNTRY,BIRTHDATE,DRAFT_NUMBER,GP,MIN,PTS,REB,AST,STL,BLK,GAME_DATE,SALARY
1630173,Precious Achiuwa,Raptors,Forward,6-8,225,Nigeria,1999-09-19T00:00:00,20,134,18.4,7.2,5.1,0.8,0.4,0.5,APR 23 2022,"$2,711,280"
203500,Steven Adams,Grizzlies,Center,6-11,265,New Zealand,1993-07-20T00:00:00,12,664,26.8,9.3,8.0,1.5,0.9,0.9,APR 23 2022,"$17,073,171"
1628389,Bam Adebayo,Heat,Center-Forward,6-9,255,USA,1997-07-18T00:00:00,14,343,28.2,13.5,8.3,3.5,1.0,0.9,APR 24 2022,"$28,103,500"
200746,LaMarcus Aldridge,Nets,Center-Forward,6-11,250,USA,1985-07-19T00:00:00,2,1076,33.7,19.1,8.1,1.9,0.7,1.1,APR 23 2022,"$2,641,691"
1629638,Nickeil Alexander-Walker,Jazz,Guard,6-5,205,Canada,1998-09-02T00:00:00,17,158,19.4,9.3,2.6,2.2,0.7,0.3,APR 23 2022,"$3,261,480"
1628960,Grayson Allen,Bucks,Guard,6-4,198,USA,1995-10-08T00:00:00,21,192,21.9,9.4,2.6,1.5,0.6,0.2,APR 24 2022,"$4,054,695"
1628386,Jarrett Allen,Cavaliers,Center,6-10,243,USA,1998-04-21T00:00:00,22,341,26.6,11.6,8.7,1.4,0.5,1.4,,"$20,000,000"
1630631,Jose Alvarado,Pelicans,Guard,6-0,179,USA,1998-04-12T00:00:00,Undrafted,54,15.4,6.1,1.9,2.8,1.3,0.1,APR 24 2022,"$1,925,406"
203937,Kyle Anderson,Grizzlies,Forward-Guard,6-9,230,USA,1993-09-20T00:00:00,30,505,21.0,6.7,4.4,2.3,1.0,0.6,APR 23 2022,"$9,937,150"
203507,Giannis Antetokounmpo,Bucks,Forward,6-11,242,Greece,1994-12-06T00:00:00,15,656,32.6,21.8,9.4,4.6,1.2,1.3,APR 24 2022,"$39,344,900"
203648,Thanasis Antetokounmpo,Bucks,Forward,6-6,219,Greece,1992-07-18T00:00:00,51,127,9.1,3.1,2.0,0.7,0.4,0.2,APR 24 2022,"$1,729,217"
2546,Carmelo Anthony,Lakers,Forward,6-7,238,USA,1984-05-29T00:00:00,3,1260,34.5,22.5,6.2,2.7,1.0,0.5,,"$2,641,691"
1630175,Cole Anthony,Magic,Guard,6-3,185,USA,2000-05-15T00:00:00,15,112,29.8,14.9,5.1,5.0,0.7,0.3,,"$3,449,400"
1628384,OG Anunoby,Raptors,Forward,6-7,232,United Kingdom,1997-07-17T00:00:00,23,301,26.8,10.4,4.1,1.4,1.1,0.5,APR 23 2022,"$16,071,429"
1627853,Ryan Arcidiacono,Bulls,Guard,6-3,195,USA,1994-03-26T00:00:00,Undrafted,217,17.2,4.6,2.0,2.1,0.5,0.0,,"$774,727"
1630166,Deni Avdija,Wizards,Forward,6-9,210,Israel,2001-01-03T00:00:00,9,136,23.8,7.6,5.1,1.7,0.7,0.4,,"$4,692,840"
1629028,Deandre Ayton,Suns,Center,6-11,250,Bahamas,1998-07-23T00:00:00,1,236,30.7,16.3,10.5,1.6,0.7,1.0,APR 24 2022,"$12,632,950"
1628962,Udoka Azubuike,Jazz,Center-Forward,7-0,270,Nigeria,1999-09-17T00:00:00,27,32,7.9,3.0,2.6,0.0,0.1,0.5,APR 23 2022,"$2,075,880"
1630163,LaMelo Ball,Hornets,Guard,6-7,180,USA,2001-08-22T00:00:00,3,126,30.9,18.3,6.4,7.0,1.6,0.4,,"$8,231,760"
1628366,Lonzo Ball,Bulls,Guard,6-6,190,USA,1997-10-27T00:00:00,2,252,32.5,11.9,5.7,6.2,1.6,0.6,APR 24 2022,"$18,604,651"
1628964,Mo Bamba,Magic,Center,7-0,231,USA,1998-05-12T00:00:00,6,226,18.6,7.7,6.1,0.9,0.4,1.4,,"$7,568,743"
1630217,Desmond Bane,Grizzlies,Guard,6-5,215,USA,1998-06-25T00:00:00,30,144,26.3,14.0,3.8,2.3,0.9,0.3,APR 23 2022,"$2,033,160"
1630625,Dalano Banton,Raptors,Forward,6-7,204,Canada,1999-11-07T00:00:00,46,64,10.9,3.2,1.9,1.5,0.4,0.2,APR 23 2022,"$925,258"
203084,Harrison Barnes,Kings,Forward,6-8,225,USA,1992-05-30T00:00:00,7,747,31.8,14.1,5.1,1.8,0.7,0.2,,"$20,284,091"
1630567,Scottie Barnes,Raptors,Forward,6-7,225,USA,2001-08-01T00:00:00,4,74,35.4,15.3,7.5,3.5,1.1,0.7,APR 23 2022,"$7,280,400"
1629628,RJ Barrett,Knicks,Forward-Guard,6-6,214,Canada,2000-06-14T00:00:00,3,198,33.5,17.5,5.6,2.9,0.8,0.3,,"$8,623,920"
203115,Will Barton,Nuggets,Guard,6-5,181,USA,1991-01-06T00:00:00,40,623,25.9,11.6,4.3,2.7,0.8,0.4,APR 24 2022,"$15,625,000"
1629646,Charles Bassey,76ers,Center-Forward,6-9,230,Nigeria,2000-10-28T00:00:00,53,23,7.3,3.0,2.7,0.3,0.2,0.7,APR 23 2022,"$925,258"
1628966,Keita Bates-Diop,Spurs,Forward,6-8,229,USA,1996-01-23T00:00:00,48,163,15.0,5.2,3.0,0.6,0.5,0.3,,"$1,729,217"
201587,Nicolas Batum,Clippers,Guard-Forward,6-8,230,France,1988-12-14T00:00:00,25,915,30.6,11.1,5.1,3.5,1.0,0.6,,"$12,026,998"
203145,Kent Bazemore,Lakers,Guard-Forward,6-4,195,USA,1989-07-01T00:00:00,Undrafted,657,20.6,8.2,3.2,1.8,1.0,0.5,,"$2,401,537"
1629647,Darius Bazley,Thunder,Forward,6-8,208,USA,2000-06-12T00:00:00,23,185,25.8,10.0,5.8,1.3,0.6,0.7,,"$2,513,040"
203078,Bradley Beal,Wizards,Guard,6-4,207,USA,1993-06-28T00:00:00,3,645,34.8,22.1,4.1,4.2,1.1,0.4,,"$33,724,200"
1627736,Malik Beasley,Timberwolves,Guard,6-4,187,USA,1996-11-26T00:00:00,19,336,20.9,10.4,2.5,1.2,0.6,0.1,APR 23 2022,"$14,491,964"
202722,Davis Bertans,Mavericks,Forward,6-10,225,Latvia,1992-11-12T00:00:00,42,387,19.1,8.2,2.7,1.0,0.4,0.4,APR 23 2022,"$16,000,000"
201976,Patrick Beverley,Timberwolves,Guard,6-1,180,USA,1988-07-12T00:00:00,42,526,27.4,8.8,4.3,3.5,1.1,0.5,APR 23 2022,"$14,320,987"
1630180,Saddiq Bey,Pistons,Forward,6-7,215,USA,1999-04-09T00:00:00,19,152,30.3,14.3,5.0,2.2,0.8,0.2,,"$2,824,320"
203920,Khem Birch,Raptors,Center,6-9,233,Canada,1992-09-28T00:00:00,Undrafted,262,17.8,5.2,4.6,1.0,0.5,0.6,APR 23 2022,"$6,350,000"
1629048,Goga Bitadze,Pacers,Center-Forward,7-0,250,Georgia,1999-07-20T00:00:00,18,149,11.8,5.0,2.9,0.8,0.3,0.9,,"$3,098,400"
202687,Bismack Biyombo,Suns,Center,6-8,255,DRC,1992-08-28T00:00:00,7,738,19.9,5.2,6.1,0.6,0.3,1.3,APR 24 2022,"$1,518,213"
202357,Nemanja Bjelica,Warriors,Forward,6-9,234,Serbia,1988-05-09T00:00:00,35,449,20.4,7.6,4.6,1.8,0.6,0.4,APR 24 2022,"$2,089,448"
202339,Eric Bledsoe,Trail Blazers,Guard,6-1,214,USA,1989-12-09T00:00:00,18,756,27.8,13.7,3.9,4.7,1.4,0.5,,"$18,125,000"
1629833,Keljin Blevins,Trail Blazers,Guard,6-4,200,USA,1995-11-24T00:00:00,,48,8.8,2.2,1.1,0.5,0.3,0.0,,"$462,629"
203992,Bogdan Bogdanovic,Hawks,Guard,6-6,225,Serbia,1992-08-18T00:00:00,27,316,28.6,14.2,3.4,3.4,1.0,0.2,APR 24 2022,"$18,000,000"
202711,Bojan Bogdanovic,Jazz,Forward,6-7,226,Croatia,1989-04-18T00:00:00,31,603,29.1,15.0,3.6,1.6,0.6,0.1,APR 23 2022,"$18,700,000"
1629626,Bol Bol,Magic,Center-Forward,7-2,220,Sudan,1999-11-16T00:00:00,44,53,6.2,2.7,1.2,0.3,0.1,0.3,,"$2,161,152"
1630195,Leandro Bolmaro,Timberwolves,Forward,6-6,200,Argentina,2000-09-11T00:00:00,23,35,6.9,1.4,1.2,0.6,0.2,0.0,APR 23 2022,"$2,353,320"
1629067,Isaac Bonga,Raptors,Guard,6-8,180,Germany,1999-11-08T00:00:00,39,143,13.1,3.1,2.2,0.8,0.5,0.3,APR 23 2022,"$1,729,217"
1626164,Devin Booker,Suns,Guard,6-5,206,USA,1996-10-30T00:00:00,13,477,33.7,23.5,3.9,4.7,0.8,0.3,APR 24 2022,"$31,650,600"
1628449,Chris Boucher,Raptors,Forward-Center,6-9,200,Saint Lucia,1993-01-11T00:00:00,Undrafted,231,17.9,9.0,5.3,0.5,0.5,1.2,APR 23 2022,"$7,020,000"
1630547,James Bouknight,Hornets,Guard,6-4,190,USA,2000-09-18T00:00:00,11,31,9.8,4.6,1.7,0.8,0.2,0.0,,"$4,154,400"
202340,Avery Bradley,Lakers,Guard,6-3,180,USA,1990-11-26T00:00:00,19,660,27.5,11.0,2.8,1.7,1.0,0.2,,"$2,641,691"
1628396,Tony Bradley,Bulls,Center-Forward,6-10,248,USA,1998-01-08T00:00:00,28,167,11.7,4.6,4.3,0.5,0.2,0.6,APR 24 2022,"$1,789,256"
1629649,Ignas Brazdeikis,Magic,Forward,6-6,221,Canada,1999-01-08T00:00:00,47,64,13.1,5.0,1.9,0.9,0.2,0.1,,"$462,629"
1628969,Mikal Bridges,Suns,Forward,6-6,209,USA,1996-08-30T00:00:00,10,309,31.3,11.3,3.9,2.1,1.3,0.6,APR 24 2022,"$5,557,725"
1628970,Miles Bridges,Hornets,Forward,6-7,225,USA,1998-03-21T00:00:00,12,291,29.1,13.4,5.6,2.3,0.7,0.7,,"$5,421,493"
1629052,Oshae Brissett,Pacers,Forward-Guard,6-7,210,Canada,1998-06-20T00:00:00,Undrafted,107,20.7,8.2,4.7,0.9,0.6,0.5,,"$1,701,593"
1627763,Malcolm Brogdon,Pacers,Guard,6-5,229,USA,1992-12-11T00:00:00,36,333,30.2,15.5,4.2,4.8,0.9,0.2,,"$21,700,000"
1629717,Armoni Brooks,Raptors,Guard,6-3,195,USA,1998-06-05T00:00:00,,74,18.4,6.9,2.3,1.2,0.5,0.2,APR 23 2022,"$1,739,065"
1628415,Dillon Brooks,Grizzlies,Guard-Forward,6-7,225,Canada,1996-01-22T00:00:00,45,272,28.2,14.5,3.0,2.0,1.0,0.3,APR 23 2022,"$12,200,000"
1628971,Bruce Brown,Nets,Guard-Forward,6-4,202,USA,1996-08-15T00:00:00,42,269,23.5,7.6,4.3,2.1,0.9,0.5,APR 23 2022,"$4,736,102"
1627759,Jaylen Brown,Celtics,Guard-Forward,6-6,223,USA,1996-10-24T00:00:00,3,403,28.7,16.5,4.9,2.0,0.9,0.4,APR 23 2022,"$26,758,928"
1629650,Moses Brown,Cavaliers,Center,7-2,245,USA,1999-10-13T00:00:00,Undrafted,92,14.1,6.0,5.8,0.1,0.4,0.7,,"$1,933,909"
1628425,Sterling Brown,Mavericks,Guard-Forward,6-5,219,USA,1995-02-10T00:00:00,46,264,16.8,5.4,3.3,1.0,0.5,0.2,APR 23 2022,"$3,000,000"
1628973,Jalen Brunson,Mavericks,Guard,6-1,190,USA,1996-08-31T00:00:00,33,277,24.7,11.9,3.0,3.7,0.6,0.0,APR 23 2022,"$1,802,057"
1628418,Thomas Bryant,Wizards,Center-Forward,6-10,248,USA,1997-07-31T00:00:00,42,170,20.1,10.2,5.7,1.3,0.4,0.9,,"$8,666,667"
203493,Reggie Bullock,Mavericks,Guard-Forward,6-6,205,USA,1991-03-16T00:00:00,25,434,22.5,7.8,2.5,1.2,0.6,0.1,APR 23 2022,"$9,536,000"
203504,Trey Burke,Mavericks,Guard,6-0,185,USA,1992-11-12T00:00:00,9,498,20.9,9.6,1.8,3.1,0.6,0.1,APR 23 2022,"$3,150,000"
202692,Alec Burks,Knicks,Guard,6-6,214,USA,1991-07-20T00:00:00,12,625,23.0,10.6,3.5,2.0,0.7,0.2,,"$9,536,000"
1630215,Jared Butler,Jazz,Guard,6-3,193,USA,2000-08-25T00:00:00,40,42,8.6,3.8,1.1,1.5,0.4,0.2,APR 23 2022,"$925,258"
202710,Jimmy Butler,Heat,Forward,6-7,230,USA,1989-09-14T00:00:00,30,690,33.1,17.7,5.3,4.1,1.6,0.5,APR 24 2022,"$36,016,200"
1629719,Devontae Cacok,Spurs,Forward,6-7,240,USA,1996-10-08T00:00:00,Undrafted,36,6.3,2.5,2.2,0.2,0.4,0.3,,"$726,128"
203484,Kentavious Caldwell-Pope,Wizards,Guard,6-5,204,USA,1993-02-18T00:00:00,8,683,29.2,11.6,3.1,1.7,1.1,0.2,,"$13,038,862"
1630267,Facundo Campazzo,Nuggets,Guard,5-10,195,Argentina,1991-03-23T00:00:00,Undrafted,130,20.1,5.6,1.9,3.5,1.1,0.3,APR 24 2022,"$3,200,000"
1628427,Vlatko Cancar,Nuggets,Forward,6-8,236,Slovenia,1997-04-10T00:00:00,49,70,7.2,2.3,1.3,0.5,0.2,0.1,APR 24 2022,"$1,782,621"
1629962,Devin Cannady,Magic,Guard,6-2,183,USA,1996-05-21T00:00:00,,13,16.8,6.5,0.8,0.8,0.8,0.3,,"$185,578"
203991,Clint Capela,Hawks,Center,6-10,256,Switzerland,1994-05-18T00:00:00,25,471,26.8,12.4,10.7,1.0,0.7,1.5,APR 24 2022,"$18,603,448"
1628975,Jevon Carter,Bucks,Guard,6-1,200,USA,1995-09-14T00:00:00,32,223,14.1,4.4,1.7,1.4,0.6,0.2,APR 24 2022,"$4,107,149"
1627936,Alex Caruso,Bulls,Guard,6-5,186,USA,1994-02-28T00:00:00,Undrafted,225,20.6,6.2,2.5,2.7,1.1,0.3,APR 24 2022,"$8,600,000"
1630551,Justin Champagnie,Raptors,Guard-Forward,6-6,206,USA,2001-06-29T00:00:00,Undrafted,36,7.8,2.3,2.0,0.3,0.2,0.1,APR 23 2022,"$462,629"
1629185,Chris Chiozza,Warriors,Guard,5-11,175,USA,1995-11-21T00:00:00,Undrafted,91,11.4,3.3,1.3,2.4,0.5,0.1,APR 24 2022,"$462,629"
1627737,Marquese Chriss,Mavericks,Forward,6-9,240,USA,1997-07-02T00:00:00,8,292,18.3,7.6,4.7,1.0,0.6,0.8,APR 23 2022,"$1,292,900"
1630528,Josh Christopher,Rockets,Guard,6-3,215,USA,2001-12-08T00:00:00,24,74,18.0,7.9,2.5,2.0,0.9,0.2,,"$2,259,240"
1629109,Gary Clark,Pelicans,Forward,6-6,225,USA,1994-11-16T00:00:00,Undrafted,170,13.2,3.1,2.5,0.5,0.3,0.4,APR 24 2022,"$811,213"
1629634,Brandon Clarke,Grizzlies,Forward,6-8,215,Canada,1996-09-19T00:00:00,21,181,21.9,10.9,5.6,1.4,0.7,0.9,APR 23 2022,"$2,726,880"
203903,Jordan Clarkson,Jazz,Guard,6-4,194,USA,1992-06-07T00:00:00,46,600,27.0,15.4,3.3,2.5,0.9,0.1,APR 23 2022,"$12,420,000"
1629599,Amir Coffey,Clippers,Guard-Forward,6-7,210,USA,1997-06-17T00:00:00,Undrafted,131,16.2,6.2,2.0,1.2,0.4,0.1,,"$573,576"
1628381,John Collins,Hawks,Forward-Center,6-9,226,USA,1997-09-23T00:00:00,19,293,29.0,16.5,8.3,1.6,0.6,1.0,APR 24 2022,"$23,000,000"
1628380,Zach Collins,Spurs,Forward-Center,6-11,250,USA,1997-11-19T00:00:00,10,182,17.5,6.0,4.2,1.1,0.3,0.7,,"$7,000,000"
201144,Mike Conley,Jazz,Guard,6-1,175,USA,1987-10-11T00:00:00,4,958,32.0,14.8,3.0,5.6,1.4,0.2,APR 23 2022,"$21,000,000"
1626192,Pat Connaughton,Bucks,Guard,6-5,209,USA,1993-01-06T00:00:00,41,417,18.5,5.9,3.3,1.2,0.5,0.3,APR 24 2022,"$5,333,334"
1629076,Tyler Cook,Bulls,Forward,6-8,255,USA,1997-09-23T00:00:00,Undrafted,65,10.6,3.8,2.5,0.3,0.2,0.1,APR 24 2022,"$462,629"
1630536,Sharife Cooper,Hawks,Guard,6-1,176,USA,2001-06-11T00:00:00,48,13,3.0,0.5,0.4,0.4,0.0,0.0,APR 24 2022,"$462,629"
202326,DeMarcus Cousins,Nuggets,Center,6-10,270,USA,1990-08-13T00:00:00,5,654,29.8,19.6,10.2,3.0,1.3,1.1,APR 24 2022,"$2,038,942"
203496,Robert Covington,Clippers,Forward,6-7,209,USA,1990-12-14T00:00:00,Undrafted,537,29.9,11.6,5.8,1.5,1.6,1.0,,"$12,975,471"
1628470,Torrey Craig,Suns,Forward,6-7,221,USA,1990-12-19T00:00:00,Undrafted,300,18.7,5.7,3.6,0.9,0.5,0.5,APR 24 2022,"$4,878,049"
203109,Jae Crowder,Suns,Forward,6-6,235,USA,1990-07-06T00:00:00,34,735,25.3,9.6,4.3,1.6,1.0,0.3,APR 24 2022,"$9,720,900"
1629633,Jarrett Culver,Grizzlies,Guard-Forward,6-6,195,USA,1999-02-20T00:00:00,6,134,17.5,6.6,2.7,1.2,0.7,0.4,APR 23 2022,"$6,395,160"
1630595,Cade Cunningham,Pistons,Guard,6-6,220,USA,2001-09-25T00:00:00,1,64,32.6,17.4,5.5,5.6,1.2,0.7,,"$10,050,120"
203552,Seth Curry,Nets,Guard,6-2,185,USA,1990-08-23T00:00:00,Undrafted,377,25.2,11.3,2.2,2.2,0.7,0.1,APR 23 2022,"$8,207,518"
201939,Stephen Curry,Warriors,Guard,6-2,185,USA,1988-03-14T00:00:00,7,826,34.3,24.3,4.6,6.5,1.7,0.2,APR 24 2022,"$45,780,966"
203076,Anthony Davis,Lakers,Forward-Center,6-10,253,USA,1993-03-11T00:00:00,1,604,34.4,23.8,10.2,2.3,1.4,2.3,,"$35,361,360"
202334,Ed Davis,Cavaliers,Center-Forward,6-9,218,USA,1989-06-05T00:00:00,13,722,19.1,5.9,6.4,0.7,0.5,0.8,,"$2,641,691"
1629056,Terence Davis,Kings,Guard,6-4,201,USA,1997-05-16T00:00:00,Undrafted,163,17.3,8.5,3.0,1.5,0.7,0.2,,"$4,000,000"
201942,DeMar DeRozan,Bulls,Guard-Forward,6-6,220,USA,1989-08-07T00:00:00,9,957,34.3,20.8,4.4,3.9,1.0,0.3,APR 24 2022,"$26,000,000"
203473,Dewayne Dedmon,Heat,Center,7-0,245,USA,1989-08-12T00:00:00,Undrafted,477,17.8,6.4,5.9,0.7,0.5,0.8,APR 24 2022,"$5,256,308"
1628978,Donte DiVincenzo,Kings,Guard,6-4,203,USA,1997-01-31T00:00:00,17,201,23.6,9.0,4.6,2.5,1.1,0.2,,"$4,675,830"
1628977,Hamidou Diallo,Pistons,Guard,6-5,202,USA,1998-07-31T00:00:00,45,207,18.9,8.4,3.9,1.1,0.8,0.3,,"$5,200,000"
203476,Gorgui Dieng,Hawks,Center,6-10,248,Senegal,1990-01-18T00:00:00,21,597,20.6,7.5,5.7,1.3,0.8,0.9,APR 24 2022,"$4,000,000"
203915,Spencer Dinwiddie,Mavericks,Guard,6-6,215,USA,1993-04-06T00:00:00,38,387,26.4,13.0,3.0,5.0,0.7,0.3,APR 23 2022,"$17,142,857"
1629029,Luka Doncic,Mavericks,Forward-Guard,6-7,230,Slovenia,1999-02-28T00:00:00,3,264,33.8,26.4,8.5,8.0,1.1,0.4,APR 23 2022,"$10,174,391"
1629652,Luguentz Dort,Thunder,Guard,6-3,215,Canada,1999-04-19T00:00:00,Undrafted,139,29.0,13.3,3.5,1.5,0.9,0.3,,"$1,782,621"
1630245,Ayo Dosunmu,Bulls,Guard,6-4,200,USA,2000-01-17T00:00:00,38,77,27.4,8.8,2.8,3.3,0.8,0.4,APR 24 2022,"$925,258"
201609,Goran Dragic,Nets,Guard,6-3,190,Slovenia,1986-05-06T00:00:00,45,888,27.9,13.7,3.1,4.8,1.0,0.2,APR 23 2022,"$19,348,907"
203083,Andre Drummond,Nets,Center,6-10,279,USA,1993-08-10T00:00:00,9,718,29.6,13.8,13.3,1.4,1.4,1.5,APR 23 2022,"$2,401,537"
1630537,Chris Duarte,Pacers,Guard,6-5,190,Dominican Republic,1997-06-13T00:00:00,13,55,28.0,13.1,4.1,2.1,1.0,0.2,,"$3,749,400"
201142,Kevin Durant,Nets,Forward,6-10,240,USA,1988-09-29T00:00:00,2,939,36.7,27.2,7.1,4.3,1.1,1.1,APR 23 2022,"$42,018,900"
1630162,Anthony Edwards,Timberwolves,Guard,6-4,225,USA,2001-08-05T00:00:00,1,144,33.2,20.3,4.7,3.4,1.3,0.6,APR 23 2022,"$10,245,480"
1629035,Carsen Edwards,Celtics,Guard,5-11,200,USA,1998-03-12T00:00:00,33,72,9.8,3.7,1.1,0.7,0.3,0.1,,"$1,859,365"
1630556,Kessler Edwards,Nets,Forward,6-7,203,USA,2000-08-09T00:00:00,44,48,20.6,5.9,3.6,0.6,0.6,0.5,APR 23 2022,"$463,211"
1629604,CJ Elleby,Trail Blazers,Forward-Guard,6-6,200,USA,2000-06-16T00:00:00,46,88,15.5,4.6,2.9,1.1,0.5,0.3,,"$1,517,981"
201961,Wayne Ellington,Lakers,Guard,6-4,207,USA,1987-11-29T00:00:00,28,770,20.9,8.0,2.1,1.1,0.5,0.1,,"$2,641,691"
203954,Joel Embiid,76ers,Center-Forward,7-0,280,Cameroon,1994-03-16T00:00:00,3,328,31.2,26.0,11.4,3.3,0.9,1.7,APR 23 2022,"$31,579,390"
202324,Derrick Favors,Thunder,Forward,6-9,265,USA,1991-07-15T00:00:00,3,790,24.3,10.6,7.1,1.1,0.7,1.2,,"$9,720,900"
1628981,Bruno Fernando,Rockets,Forward-Center,6-9,240,Angola,1998-08-15T00:00:00,34,119,9.2,3.2,2.8,0.6,0.2,0.3,,"$1,782,621"
1627827,Dorian Finney-Smith,Mavericks,Forward,6-7,220,USA,1993-05-04T00:00:00,Undrafted,394,27.3,8.2,4.5,1.4,0.8,0.4,APR 23 2022,"$4,000,000"
1630238,Malik Fitts,Celtics,Forward,6-5,230,USA,1997-07-04T00:00:00,Undrafted,18,4.1,1.3,1.1,0.3,0.0,0.0,APR 23 2022,"$630,874"
1630201,Malachi Flynn,Raptors,Guard,6-1,175,USA,1998-05-09T00:00:00,29,91,16.1,6.0,2.0,2.3,0.6,0.1,APR 23 2022,"$2,048,040"
1627854,Bryn Forbes,Nuggets,Guard,6-2,205,USA,1993-07-23T00:00:00,Undrafted,406,20.5,9.1,1.7,1.2,0.4,0.0,APR 24 2022,"$4,500,000"
1630235,Trent Forrest,Jazz,Guard,6-4,210,USA,1998-06-12T00:00:00,Undrafted,90,11.9,3.1,1.6,1.7,0.4,0.1,APR 23 2022,"$463,211"
203095,Evan Fournier,Knicks,Guard-Forward,6-6,205,France,1992-10-29T00:00:00,20,645,28.6,14.3,2.7,2.6,0.9,0.2,,"$17,142,857"
1628368,De'Aaron Fox,Kings,Guard,6-3,185,USA,1997-12-20T00:00:00,5,322,32.1,19.1,3.5,6.2,1.3,0.4,,"$28,103,500"
1628365,Markelle Fultz,Magic,Guard,6-4,209,USA,1998-05-29T00:00:00,1,131,24.8,10.9,3.2,4.8,1.1,0.2,,"$16,500,000"
1629117,Wenyen Gabriel,Lakers,Forward,6-9,205,South Sudan,1997-03-26T00:00:00,Undrafted,77,10.8,3.6,2.6,0.4,0.3,0.3,,"$522,015"
1629655,Daniel Gafford,Wizards,Forward-Center,6-9,234,USA,1998-10-01T00:00:00,38,169,16.8,7.6,4.4,0.7,0.4,1.4,,"$1,782,621"
201568,Danilo Gallinari,Hawks,Forward,6-10,236,Italy,1988-08-08T00:00:00,6,728,29.9,15.6,4.8,1.9,0.7,0.4,APR 24 2022,"$20,475,000"
1629636,Darius Garland,Cavaliers,Guard,6-1,192,USA,2000-01-26T00:00:00,5,181,33.4,17.4,2.6,6.3,1.1,0.1,,"$7,040,880"
1630586,Usman Garuba,Rockets,Forward,6-8,229,Spain,2002-03-09T00:00:00,23,24,10.0,2.0,3.5,0.7,0.4,0.5,,"$2,353,320"
1630568,Luka Garza,Pistons,Center,6-10,243,USA,1998-12-27T00:00:00,52,32,12.2,5.8,3.1,0.6,0.3,0.2,,"$925,258"
200752,Rudy Gay,Jazz,Forward-Guard,6-8,250,USA,1986-08-17T00:00:00,8,1064,31.7,16.3,5.8,2.1,1.1,0.7,APR 23 2022,"$5,890,000"
202331,Paul George,Clippers,Forward,6-8,220,USA,1990-05-02T00:00:00,10,737,33.6,20.4,6.4,3.6,1.7,0.4,,"$39,344,970"
201959,Taj Gibson,Knicks,Forward,6-9,232,USA,1985-06-24T00:00:00,26,896,24.5,9.0,6.1,1.0,0.6,1.0,,"$4,910,000"
1630581,Josh Giddey,Thunder,Guard,6-8,205,Australia,2002-10-10T00:00:00,6,54,31.5,12.5,7.8,6.4,0.9,0.4,,"$5,988,000"
1628983,Shai Gilgeous-Alexander,Thunder,Guard,6-6,180,Canada,1998-07-12T00:00:00,11,243,31.8,18.2,4.5,4.3,1.1,0.7,,"$5,495,532"
1630264,Anthony Gill,Wizards,Forward,6-7,230,USA,1992-10-17T00:00:00,Undrafted,70,9.7,3.7,1.9,0.5,0.2,0.2,,"$1,517,981"
203497,Rudy Gobert,Jazz,Center,7-1,258,France,1992-06-26T00:00:00,27,611,30.0,12.4,11.7,1.3,0.7,2.2,APR 23 2022,"$34,844,000"
1629164,Brandon Goodwin,Cavaliers,Guard,6-0,180,USA,1995-10-02T00:00:00,Undrafted,133,12.1,4.7,1.6,1.9,0.4,0.0,,"$343,988"
203932,Aaron Gordon,Nuggets,Forward,6-8,235,USA,1995-09-16T00:00:00,4,528,28.9,13.0,6.3,2.5,0.7,0.6,APR 24 2022,"$16,409,091"
201569,Eric Gordon,Rockets,Guard,6-3,215,USA,1988-12-25T00:00:00,7,749,32.4,16.4,2.4,2.8,0.9,0.3,,"$18,218,818"
203924,Jerami Grant,Pistons,Forward,6-8,210,USA,1994-03-12T00:00:00,39,555,26.0,11.4,3.9,1.3,0.6,1.1,,"$20,002,500"
201980,Danny Green,76ers,Guard,6-6,215,USA,1987-06-22T00:00:00,46,819,25.3,8.7,3.4,1.6,1.0,0.8,APR 23 2022,"$10,000,000"
203110,Draymond Green,Warriors,Forward,6-6,230,USA,1990-03-04T00:00:00,35,685,28.5,8.7,6.9,5.4,1.4,1.0,APR 24 2022,"$24,026,712"
203210,JaMychal Green,Nuggets,Forward-Center,6-8,227,USA,1990-06-21T00:00:00,Undrafted,487,20.8,7.9,5.7,0.9,0.6,0.4,APR 24 2022,"$8,200,000"
1630224,Jalen Green,Rockets,Guard,6-4,186,USA,2002-02-09T00:00:00,2,67,31.9,17.3,3.4,2.6,0.7,0.3,,"$8,992,080"
1629750,Javonte Green,Bulls,Guard-Forward,6-5,205,USA,1993-07-23T00:00:00,Undrafted,154,16.0,5.0,2.9,0.7,0.8,0.3,APR 24 2022,"$1,669,178"
201145,Jeff Green,Nuggets,Forward,6-8,235,USA,1986-08-28T00:00:00,5,1051,29.0,12.6,4.3,1.5,0.7,0.5,APR 24 2022,"$4,500,000"
1630182,Josh Green,Mavericks,Guard,6-5,200,Australia,2000-11-16T00:00:00,18,106,14.0,4.0,2.3,1.0,0.6,0.2,APR 23 2022,"$2,957,520"
201933,Blake Griffin,Nets,Forward,6-9,250,USA,1989-03-16T00:00:00,1,724,32.9,19.8,8.2,4.1,0.8,0.5,APR 23 2022,"$32,405,817"
1629656,Quentin Grimes,Knicks,Guard,6-4,210,USA,2000-05-08T00:00:00,25,46,17.1,6.0,2.0,1.0,0.7,0.2,,"$2,168,640"
1629060,Rui Hachimura,Wizards,Forward,6-8,230,Japan,1998-02-08T00:00:00,9,147,28.5,13.0,5.2,1.5,0.7,0.2,,"$4,916,160"
1630169,Tyrese Haliburton,Pacers,Guard,6-5,185,USA,2000-02-29T00:00:00,12,135,32.9,14.3,3.6,6.9,1.6,0.6,,"$4,023,600"
201935,James Harden,76ers,Guard,6-5,220,USA,1989-08-26T00:00:00,3,942,34.6,24.9,5.6,6.8,1.5,0.5,APR 23 2022,"$44,310,840"
1629607,Jared Harper,Pelicans,Guard,5-10,175,USA,1997-09-14T00:00:00,Undrafted,16,4.2,2.6,0.3,0.9,0.3,0.1,APR 24 2022,"$85,081"
1626149,Montrezl Harrell,Hornets,Forward-Center,6-7,240,USA,1994-01-26T00:00:00,32,458,21.5,12.9,5.3,1.4,0.6,0.8,,"$9,720,900"
203914,Gary Harris,Magic,Guard,6-4,210,USA,1994-09-14T00:00:00,19,468,28.8,11.8,2.5,2.1,1.2,0.2,,"$20,932,143"
203925,Joe Harris,Nets,Guard-Forward,6-6,220,USA,1991-09-06T00:00:00,33,414,25.6,11.1,3.2,1.6,0.5,0.2,APR 23 2022,"$17,357,143"
202699,Tobias Harris,76ers,Forward,6-7,226,USA,1992-07-15T00:00:00,19,753,31.4,16.4,6.2,2.3,0.7,0.5,APR 23 2022,"$35,995,950"
1628404,Josh Hart,Trail Blazers,Guard,6-5,215,USA,1995-03-06T00:00:00,30,296,27.3,9.9,5.7,2.1,0.9,0.4,,"$12,000,000"
1628392,Isaiah Hartenstein,Clippers,Center-Forward,7-0,250,Germany,1998-05-05T00:00:00,43,165,13.7,5.8,3.9,1.5,0.5,0.8,,"$1,729,217"
2617,Udonis Haslem,Heat,Forward,6-8,235,USA,1980-06-09T00:00:00,Undrafted,872,24.8,7.5,6.6,0.8,0.5,0.3,APR 24 2022,"$2,641,691"
1630573,Sam Hauser,Celtics,Forward,6-7,217,USA,1997-12-08T00:00:00,Undrafted,26,6.1,2.5,1.1,0.4,0.0,0.1,APR 23 2022,"$619,498"
1629637,Jaxson Hayes,Pelicans,Center-Forward,6-11,220,USA,2000-05-23T00:00:00,8,194,17.7,8.1,4.3,0.7,0.4,0.8,APR 24 2022,"$5,348,280"
1630165,Killian Hayes,Pistons,Guard,6-5,195,France,2001-07-27T00:00:00,7,92,25.2,6.8,3.0,4.5,1.1,0.5,,"$5,572,680"
202330,Gordon Hayward,Hornets,Forward,6-7,225,USA,1990-03-23T00:00:00,9,734,31.1,15.6,4.5,3.5,1.0,0.4,,"$29,925,000"
1626195,Willy Hernangomez,Pelicans,Center-Forward,6-11,250,Spain,1994-05-27T00:00:00,35,306,15.3,7.4,5.9,1.1,0.4,0.4,APR 24 2022,"$2,327,220"
1629639,Tyler Herro,Heat,Guard,6-5,195,USA,2000-01-20T00:00:00,13,175,30.3,16.7,4.7,3.2,0.6,0.2,APR 24 2022,"$4,004,280"
1627741,Buddy Hield,Pacers,Guard,6-4,220,Bahamas,1992-12-17T00:00:00,6,468,29.2,15.9,4.3,2.5,0.8,0.3,,"$23,073,234"
1629312,Haywood Highsmith,Heat,Forward,6-4,220,USA,1996-12-09T00:00:00,,24,8.5,2.2,1.3,0.3,0.1,0.1,APR 24 2022,"$547,701"
201588,George Hill,Bucks,Guard,6-4,188,USA,1986-05-04T00:00:00,26,869,27.2,10.7,3.0,3.1,0.9,0.3,APR 24 2022,"$5,275,491"
1630792,Malcolm Hill,Bulls,Forward,6-6,220,USA,1995-10-26T00:00:00,Undrafted,19,11.2,3.8,1.8,0.4,0.4,0.2,APR 24 2022,"$324,373"
1630207,Nate Hinton,Pacers,Guard-Forward,6-5,210,USA,1999-06-08T00:00:00,Undrafted,23,4.2,1.8,0.4,0.3,0.3,0.1,,"$96,213"
1628988,Aaron Holiday,Suns,Guard,6-0,185,USA,1996-09-30T00:00:00,23,245,18.2,7.3,1.8,2.4,0.7,0.2,APR 24 2022,"$3,980,551"
201950,Jrue Holiday,Bucks,Guard,6-3,205,USA,1990-06-12T00:00:00,17,839,33.2,16.2,4.0,6.4,1.5,0.5,APR 24 2022,"$32,431,333"
203200,Justin Holiday,Kings,Forward-Guard,6-6,180,USA,1989-04-05T00:00:00,Undrafted,576,24.6,8.7,3.0,1.5,1.0,0.4,,"$6,006,420"
1626158,Richaun Holmes,Kings,Forward,6-10,235,USA,1993-10-15T00:00:00,37,376,21.1,9.6,5.8,1.1,0.6,1.1,,"$10,384,500"
203918,Rodney Hood,Clippers,Guard-Forward,6-8,208,USA,1992-10-20T00:00:00,23,448,24.5,10.4,2.6,1.6,0.7,0.2,,"$2,239,544"
201143,Al Horford,Celtics,Center-Forward,6-9,240,Dominican Republic,1986-06-03T00:00:00,3,950,32.2,13.7,8.2,3.3,0.8,1.2,APR 23 2022,"$27,000,000"
1629659,Talen Horton-Tucker,Lakers,Guard,6-4,234,USA,2000-11-25T00:00:00,46,131,22.1,9.3,2.8,2.6,1.0,0.4,,"$9,500,000"
2730,Dwight Howard,Lakers,Center-Forward,6-10,265,USA,1985-12-08T00:00:00,1,1242,31.8,15.7,11.8,1.3,0.9,1.8,,"$2,641,691"
1630210,Markus Howard,Nuggets,Guard,5-10,175,USA,1999-03-03T00:00:00,Undrafted,68,5.6,3.4,0.5,0.4,0.2,0.0,APR 24 2022,"$462,629"
1628989,Kevin Huerter,Hawks,Guard-Forward,6-7,198,USA,1998-08-27T00:00:00,19,274,29.6,11.4,3.5,3.2,0.9,0.4,APR 24 2022,"$4,253,357"
1630190,Elijah Hughes,Trail Blazers,Guard,6-5,215,USA,1998-03-10T00:00:00,39,54,9.2,2.9,1.2,0.5,0.3,0.2,,"$1,517,981"
1630624,Feron Hunt,Knicks,Forward,6-8,195,USA,1999-07-05T00:00:00,Undrafted,2,4.0,0.0,0.5,0.5,0.5,0.0,,"$116,987"
1629631,De'Andre Hunter,Hawks,Forward-Guard,6-8,221,USA,1997-12-02T00:00:00,4,139,30.7,13.2,4.1,1.6,0.7,0.4,APR 24 2022,"$7,775,400"
1630538,Bones Hyland,Nuggets,Guard,6-2,169,USA,2000-09-14T00:00:00,26,69,19.0,10.1,2.7,2.8,0.6,0.3,APR 24 2022,"$2,096,880"
201586,Serge Ibaka,Bucks,Forward,6-10,235,Republic of the Congo,1989-09-18T00:00:00,24,903,27.6,12.1,7.2,0.8,0.4,1.9,APR 24 2022,"$9,720,900"
2738,Andre Iguodala,Warriors,Guard-Forward,6-6,215,USA,1984-01-28T00:00:00,9,1223,32.2,11.4,4.9,4.2,1.4,0.5,APR 24 2022,"$2,641,691"
204060,Joe Ingles,Trail Blazers,Forward-Guard,6-8,220,Australia,1987-10-02T00:00:00,Undrafted,590,25.7,8.6,3.2,3.8,0.9,0.2,,"$13,036,364"
1627742,Brandon Ingram,Pelicans,Forward,6-8,190,USA,1997-09-02T00:00:00,2,368,32.8,18.5,5.2,3.8,0.7,0.6,APR 24 2022,"$29,467,800"
202681,Kyrie Irving,Nets,Guard,6-2,195,Australia,1992-03-23T00:00:00,1,611,34.0,23.1,3.8,5.7,1.3,0.4,APR 23 2022,"$35,328,700"
1628371,Jonathan Isaac,Magic,Forward,6-10,230,USA,1997-10-03T00:00:00,6,136,25.8,9.3,5.4,1.1,1.1,1.5,,"$17,400,000"
1628402,Frank Jackson,Pistons,Guard,6-3,205,USA,1998-05-04T00:00:00,31,213,18.2,8.5,1.8,1.0,0.4,0.1,,"$3,000,000"
1630543,Isaiah Jackson,Pacers,Forward,6-10,205,USA,2002-01-10T00:00:00,22,36,15.0,8.3,4.1,0.3,0.7,1.4,,"$2,451,240"
1628367,Josh Jackson,Kings,Guard-Forward,6-8,207,USA,1997-02-10T00:00:00,4,291,23.1,11.3,4.0,1.8,0.9,0.6,,"$5,005,350"
202704,Reggie Jackson,Clippers,Guard,6-2,208,USA,1990-04-16T00:00:00,24,703,25.6,13.1,3.0,4.3,0.7,0.1,,"$10,384,500"
2544,LeBron James,Lakers,Forward,6-9,250,USA,1984-12-30T00:00:00,1,1366,38.2,27.1,7.5,7.4,1.6,0.8,,"$41,180,544"
1629660,Ty Jerome,Thunder,Guard-Forward,6-5,195,USA,1997-07-08T00:00:00,24,112,17.1,7.1,1.9,2.4,0.6,0.1,,"$2,412,840"
1630198,Isaiah Joe,76ers,Guard,6-4,165,USA,1999-07-02T00:00:00,49,96,10.3,3.7,1.0,0.6,0.3,0.1,APR 23 2022,"$1,517,981"
1629661,Cameron Johnson,Suns,Forward,6-8,210,USA,1996-03-03T00:00:00,11,183,24.2,10.4,3.6,1.4,0.7,0.3,APR 24 2022,"$4,437,000"
1630525,David Johnson,Raptors,Guard,6-4,203,USA,2001-02-26T00:00:00,47,2,1.0,0.0,0.0,0.0,0.0,0.0,APR 23 2022,"$462,629"
1630552,Jalen Johnson,Hawks,Forward,6-8,219,USA,2001-12-18T00:00:00,20,22,5.5,2.4,1.2,0.1,0.1,0.1,APR 24 2022,"$2,659,680"
1629640,Keldon Johnson,Spurs,Forward-Guard,6-6,220,USA,1999-10-11T00:00:00,29,161,28.9,14.4,5.8,1.8,0.7,0.2,,"$2,145,720"
1630553,Keon Johnson,Trail Blazers,Guard,6-4,185,USA,2002-03-10T00:00:00,21,37,18.8,7.2,2.2,2.1,0.8,0.3,,"$2,553,240"
1626169,Stanley Johnson,Lakers,Forward-Guard,6-6,242,USA,1996-05-29T00:00:00,8,419,20.1,6.3,3.1,1.5,0.9,0.2,,"$1,368,998"
203999,Nikola Jokic,Nuggets,Center,6-11,284,Serbia,1995-02-19T00:00:00,41,527,30.4,19.7,10.4,6.2,1.2,0.7,APR 24 2022,"$31,579,390"
1627745,Damian Jones,Kings,Center,6-11,245,USA,1995-06-30T00:00:00,30,199,15.2,5.6,3.4,0.8,0.4,0.7,,"$1,977,011"
1630539,Kai Jones,Hornets,Center-Forward,6-10,221,Bahamas,2001-01-19T00:00:00,19,21,3.0,1.0,0.5,0.2,0.0,0.1,,"$2,770,560"
1630222,Mason Jones,Lakers,Guard,6-4,200,USA,1998-07-21T00:00:00,Undrafted,36,10.7,5.4,1.8,1.3,0.3,0.0,,"$295,125"
1630200,Tre Jones,Spurs,Guard,6-1,185,USA,2000-01-08T00:00:00,41,106,13.4,4.8,1.7,2.6,0.5,0.1,,"$1,517,981"
1626145,Tyus Jones,Grizzlies,Guard,6-0,196,USA,1996-05-10T00:00:00,24,455,18.4,6.2,1.8,3.7,1.0,0.1,APR 23 2022,"$8,376,286"
201599,DeAndre Jordan,76ers,Center,6-11,265,USA,1988-07-21T00:00:00,35,980,26.7,9.1,10.3,1.0,0.5,1.5,APR 23 2022,"$11,109,327"
202709,Cory Joseph,Pistons,Guard,6-3,200,Canada,1991-08-20T00:00:00,29,728,22.2,7.1,2.6,3.0,0.8,0.2,,"$7,310,000"
1628379,Luke Kennard,Clippers,Guard,6-5,206,USA,1996-06-24T00:00:00,12,297,23.5,10.0,2.9,2.0,0.5,0.1,,"$12,727,273"
1630296,Braxton Key,Pistons,Forward,6-8,225,USA,1997-02-14T00:00:00,Undrafted,11,17.9,7.2,4.5,1.0,0.9,1.0,,"$127,622"
1630557,Corey Kispert,Wizards,Forward,6-6,224,USA,1999-03-03T00:00:00,15,77,23.4,8.2,2.7,1.1,0.5,0.3,,"$3,383,640"
1628467,Maxi Kleber,Mavericks,Forward,6-10,240,Germany,1992-01-29T00:00:00,Undrafted,326,22.7,7.1,4.8,1.1,0.4,0.9,APR 23 2022,"$8,825,000"
1630233,Nathan Knight,Timberwolves,Forward-Center,6-10,253,USA,1997-09-20T00:00:00,Undrafted,70,7.8,3.7,2.2,0.4,0.2,0.3,APR 23 2022,"$462,629"
1629723,John Konchar,Grizzlies,Guard,6-5,210,USA,1996-03-22T00:00:00,Undrafted,134,15.3,4.4,3.8,1.3,0.6,0.3,APR 23 2022,"$2,200,000"
1627788,Furkan Korkmaz,76ers,Guard-Forward,6-7,202,Turkey,1997-07-24T00:00:00,26,256,18.7,7.9,2.2,1.3,0.6,0.1,APR 23 2022,"$4,629,630"
1628436,Luke Kornet,Celtics,Center-Forward,7-2,250,USA,1995-07-15T00:00:00,Undrafted,148,14.3,5.5,2.6,1.0,0.3,0.8,APR 23 2022,"$812,364"
1630249,Vit Krejci,Thunder,Guard,6-8,195,Czech Republic,2000-06-19T00:00:00,37,30,23.0,6.2,3.4,1.9,0.6,0.3,,"$925,258"
1629083,Arnoldas Kulboka,Hornets,Forward,6-10,209,Lithuania,1998-01-04T00:00:00,55,2,2.5,0.0,0.0,0.0,0.0,0.0,,"$462,629"
1630228,Jonathan Kuminga,Warriors,Forward,6-7,225,DRC,2002-10-06T00:00:00,7,70,16.9,9.3,3.3,0.9,0.4,0.3,APR 24 2022,"$5,466,360"
1628398,Kyle Kuzma,Wizards,Forward,6-9,221,USA,1995-07-24T00:00:00,27,342,30.4,15.6,6.2,2.2,0.6,0.5,,"$13,000,000"
203897,Zach LaVine,Bulls,Guard-Forward,6-5,200,USA,1995-03-10T00:00:00,13,478,31.8,19.8,3.9,3.9,0.9,0.3,APR 24 2022,"$19,500,000"
1630237,Anthony Lamb,Rockets,Forward,6-6,227,USA,1998-01-20T00:00:00,Undrafted,26,16.3,5.1,2.7,1.0,0.2,0.2,,"$136,095"
203087,Jeremy Lamb,Kings,Guard-Forward,6-5,180,USA,1992-05-30T00:00:00,12,573,20.8,10.1,3.6,1.6,0.7,0.4,,"$10,500,000"
1629111,Jock Landale,Spurs,Center,6-11,255,Australia,1995-10-25T00:00:00,Undrafted,54,10.9,4.9,2.6,0.8,0.2,0.3,,"$925,258"
1629641,Romeo Langford,Spurs,Guard-Forward,6-5,216,USA,1999-10-25T00:00:00,14,98,14.5,3.6,1.9,0.5,0.4,0.3,,"$3,804,360"
1627774,Jake Layman,Timberwolves,Forward,6-8,209,USA,1994-03-07T00:00:00,47,243,12.8,4.8,1.7,0.5,0.4,0.3,APR 23 2022,"$3,940,184"
1627747,Caris LeVert,Cavaliers,Guard,6-6,205,USA,1994-08-25T00:00:00,20,318,27.5,14.6,3.8,4.0,1.1,0.3,,"$17,500,000"
1627814,Damion Lee,Warriors,Guard-Forward,6-5,210,USA,1992-10-21T00:00:00,Undrafted,216,21.0,8.2,3.5,1.4,0.7,0.1,APR 24 2022,"$1,910,860"
1630240,Saben Lee,Pistons,Guard,6-2,183,USA,1999-06-23T00:00:00,38,85,16.3,5.6,2.2,3.3,0.8,0.3,,"$1,489,065"
203458,Alex Len,Kings,Center,7-0,250,Ukraine,1993-06-16T00:00:00,5,570,18.9,7.7,5.9,0.9,0.4,1.0,,"$3,732,000"
202695,Kawhi Leonard,Clippers,Forward,6-7,225,USA,1991-06-29T00:00:00,15,576,31.3,19.2,6.4,2.9,1.8,0.6,,"$39,344,900"
1630575,Scottie Lewis,Hornets,Guard,6-5,185,USA,2000-03-12T00:00:00,56,2,3.5,0.5,0.0,0.5,0.5,0.0,,"$462,629"
203081,Damian Lillard,Trail Blazers,Guard,6-2,195,USA,1990-07-15T00:00:00,6,711,36.3,24.6,4.2,6.6,1.0,0.3,,"$39,344,900"
1629642,Nassir Little,Trail Blazers,Forward-Guard,6-5,220,USA,2000-02-11T00:00:00,25,138,16.7,5.8,3.4,0.7,0.3,0.5,,"$2,316,240"
1630587,Isaiah Livers,Pistons,Forward,6-6,232,USA,1998-07-28T00:00:00,42,19,20.2,6.4,3.0,1.1,0.7,0.4,,"$1,057,260"
1626172,Kevon Looney,Warriors,Forward,6-9,222,USA,1996-02-06T00:00:00,30,367,16.4,4.7,4.8,1.4,0.5,0.6,APR 24 2022,"$5,178,572"
201572,Brook Lopez,Bucks,Center,7-0,282,USA,1988-04-01T00:00:00,10,868,30.2,16.4,6.2,1.4,0.6,1.8,APR 24 2022,"$13,302,325"
201577,Robin Lopez,Magic,Center,7-0,281,USA,1988-04-01T00:00:00,15,939,21.9,8.7,4.9,0.8,0.2,1.1,,"$5,000,000"
1629712,Didi Louzada,Trail Blazers,Guard,6-5,188,Brazil,1999-07-02T00:00:00,35,12,15.5,3.6,1.7,0.7,0.3,0.2,,"$1,786,878"
201567,Kevin Love,Cavaliers,Forward-Center,6-8,251,USA,1988-09-07T00:00:00,5,812,30.9,17.6,10.7,2.4,0.7,0.4,,"$31,258,256"
200768,Kyle Lowry,Heat,Guard,6-0,196,USA,1986-03-25T00:00:00,24,1023,31.9,14.8,4.4,6.3,1.3,0.3,APR 24 2022,"$26,984,128"
1630994,Gabriel Lundberg,Suns,Guard,6-4,203,Denmark,1994-12-04T00:00:00,Undrafted,4,11.0,3.3,1.8,2.8,0.8,0.0,APR 24 2022,"$79,764"
1626168,Trey Lyles,Kings,Forward,6-9,234,Canada,1995-11-05T00:00:00,12,449,18.3,7.8,4.3,1.1,0.4,0.3,,"$2,500,000"
1630177,Theo Maledon,Thunder,Guard,6-4,175,France,2001-06-12T00:00:00,34,116,23.2,8.8,2.9,2.9,0.8,0.2,,"$2,000,000"
1630572,Sandro Mamukelashvili,Bucks,Forward-Center,6-9,240,Georgia,1999-05-23T00:00:00,54,41,9.9,3.8,2.0,0.5,0.2,0.2,APR 24 2022,"$462,629"
1629611,Terance Mann,Clippers,Guard-Forward,6-5,215,USA,1996-10-18T00:00:00,48,189,20.9,7.6,3.8,1.9,0.5,0.2,,"$1,782,621"
1630544,Tre Mann,Thunder,Guard,6-3,178,USA,2001-02-03T00:00:00,18,60,22.8,10.4,2.9,1.5,0.8,0.2,,"$2,901,240"
1626246,Boban Marjanovic,Mavericks,Center,7-3,290,Serbia,1988-08-15T00:00:00,Undrafted,286,9.2,5.9,3.8,0.5,0.2,0.3,APR 23 2022,"$3,500,000"
1628374,Lauri Markkanen,Cavaliers,Forward-Center,6-11,240,Finland,1997-05-22T00:00:00,7,282,29.7,15.4,6.8,1.3,0.7,0.5,,"$15,690,909"
1630230,Naji Marshall,Pelicans,Forward,6-7,220,USA,1998-01-24T00:00:00,Undrafted,87,16.5,6.4,3.3,1.7,0.7,0.2,APR 24 2022,"$1,517,981"
1628997,Caleb Martin,Heat,Forward,6-5,205,USA,1995-09-28T00:00:00,Undrafted,131,19.1,7.1,3.1,1.2,0.8,0.4,APR 24 2022,"$844,011"
1628998,Cody Martin,Hornets,Forward,6-6,205,USA,1995-09-28T00:00:00,36,171,21.2,5.8,3.5,2.1,1.0,0.3,,"$1,782,621"
1629726,Garrison Mathews,Rockets,Guard,6-5,215,USA,1996-10-24T00:00:00,Undrafted,147,20.3,7.5,2.0,0.7,0.6,0.2,,"$2,000,000"
202083,Wesley Matthews,Bucks,Guard,6-4,220,USA,1986-10-14T00:00:00,Undrafted,898,30.5,12.2,2.9,2.0,1.0,0.2,APR 24 2022,"$1,958,495"
1630178,Tyrese Maxey,76ers,Guard,6-2,200,USA,2000-11-04T00:00:00,21,136,26.4,13.2,2.5,3.2,0.6,0.3,APR 23 2022,"$2,602,920"
1630219,Skylar Mays,Hawks,Guard,6-4,205,USA,1997-09-05T00:00:00,50,61,8.0,3.3,1.0,0.8,0.3,0.0,APR 24 2022,"$510,907"
1630540,Miles McBride,Knicks,Guard,6-1,195,USA,2000-09-08T00:00:00,36,40,9.3,2.2,1.1,1.0,0.4,0.0,,"$925,258"
1630644,Mac McClung,Lakers,Guard,6-2,185,USA,1999-01-06T00:00:00,Undrafted,2,12.0,4.0,1.5,0.5,0.5,0.5,,"$111,670"
203468,CJ McCollum,Pelicans,Guard,6-3,190,USA,1991-09-19T00:00:00,10,590,31.6,19.2,3.5,3.5,0.9,0.4,APR 24 2022,"$30,864,198"
1630183,Jaden McDaniels,Timberwolves,Forward,6-9,185,USA,2000-09-29T00:00:00,28,133,24.9,8.1,3.9,1.1,0.7,0.9,APR 23 2022,"$2,063,280"
1629667,Jalen McDaniels,Hornets,Forward-Center,6-9,205,USA,1998-01-31T00:00:00,52,118,17.7,6.6,3.4,1.1,0.5,0.4,,"$1,782,621"
203926,Doug McDermott,Spurs,Forward,6-7,225,USA,1992-01-03T00:00:00,11,527,20.9,9.2,2.3,0.9,0.2,0.1,,"$13,750,000"
201580,JaVale McGee,Suns,Center-Forward,7-0,270,USA,1988-01-19T00:00:00,18,821,17.0,8.0,5.3,0.4,0.4,1.5,APR 24 2022,"$5,000,000"
203585,Rodney McGruder,Pistons,Guard,6-4,205,USA,1991-07-29T00:00:00,Undrafted,285,19.8,5.8,2.8,1.2,0.5,0.2,,"$1,939,350"
1629162,Jordan McLaughlin,Timberwolves,Guard,5-11,185,USA,1996-04-09T00:00:00,Undrafted,143,17.0,5.0,1.8,3.5,1.0,0.1,APR 23 2022,"$2,000,000"
203463,Ben McLemore,Trail Blazers,Guard,6-3,195,USA,1993-02-11T00:00:00,7,556,22.5,9.0,2.3,1.0,0.6,0.2,,"$2,389,641"
1629001,De'Anthony Melton,Grizzlies,Guard,6-2,200,USA,1998-05-28T00:00:00,46,235,20.7,8.4,3.6,2.8,1.3,0.5,APR 23 2022,"$8,805,976"
1629002,Chimezie Metu,Kings,Forward-Center,6-9,225,USA,1997-03-22T00:00:00,49,143,14.1,6.1,3.6,0.8,0.5,0.4,,"$1,762,796"
203114,Khris Middleton,Bucks,Forward,6-7,222,USA,1991-08-12T00:00:00,39,651,31.8,17.1,4.9,3.8,1.2,0.2,APR 24 2022,"$35,500,000"
200794,Paul Millsap,76ers,Forward,6-7,257,USA,1985-02-10T00:00:00,47,1085,28.1,13.4,7.1,2.2,1.2,1.0,APR 23 2022,"$2,641,691"
1629003,Shake Milton,76ers,Guard-Forward,6-5,205,USA,1996-09-26T00:00:00,54,178,20.9,9.7,2.3,2.6,0.5,0.3,APR 23 2022,"$1,846,738"
1630558,Davion Mitchell,Kings,Guard,6-0,202,USA,1998-09-05T00:00:00,9,75,27.7,11.5,2.2,4.2,0.7,0.3,,"$4,603,200"
1628378,Donovan Mitchell,Jazz,Guard,6-1,215,USA,1996-09-07T00:00:00,13,345,33.7,23.9,4.2,4.5,1.3,0.3,APR 23 2022,"$28,103,500"
1630596,Evan Mobley,Cavaliers,Center,6-11,215,USA,2001-06-18T00:00:00,3,69,33.8,15.0,8.3,2.5,0.8,1.7,,"$8,075,160"
1628370,Malik Monk,Lakers,Guard,6-3,200,USA,1998-02-04T00:00:00,11,309,20.4,10.3,2.3,2.0,0.5,0.2,,"$1,789,256"
202328,Greg Monroe,Timberwolves,Forward-Center,6-10,250,USA,1990-06-04T00:00:00,7,646,27.4,13.0,8.2,2.1,1.1,0.6,APR 23 2022,"$612,805"
1630541,Moses Moody,Warriors,Guard,6-5,211,USA,2002-05-31T00:00:00,14,52,11.7,4.4,1.5,0.4,0.1,0.2,APR 24 2022,"$3,562,200"
1629875,Xavier Moon,Clippers,Guard,6-2,165,USA,1995-01-02T00:00:00,Undrafted,10,13.7,5.8,1.4,2.4,0.7,0.3,,"$202,069"
1629630,Ja Morant,Grizzlies,Guard,6-3,174,USA,1999-08-10T00:00:00,2,187,32.2,21.2,4.5,7.1,1.0,0.3,APR 23 2022,"$9,603,360"
1629752,Juwan Morgan,Celtics,Forward,6-7,232,USA,1997-04-17T00:00:00,Undrafted,52,6.0,1.5,1.2,0.3,0.1,0.1,APR 23 2022,"$211,046"
202693,Markieff Morris,Heat,Forward,6-9,245,USA,1989-09-02T00:00:00,13,715,24.8,10.9,5.2,1.6,0.8,0.5,APR 24 2022,"$2,641,691"
1628420,Monte Morris,Nuggets,Guard,6-2,183,USA,1995-06-27T00:00:00,51,280,25.2,10.5,2.3,3.7,0.8,0.2,APR 24 2022,"$8,449,074"
1628539,Mychal Mulder,Heat,Guard,6-3,195,Canada,1994-06-12T00:00:00,Undrafted,84,14.4,5.8,1.3,0.5,0.2,0.2,APR 24 2022,"$257,902"
1627749,Dejounte Murray,Spurs,Guard,6-4,180,USA,1996-09-19T00:00:00,29,320,25.8,12.5,6.0,4.8,1.4,0.3,,"$15,428,880"
1627750,Jamal Murray,Nuggets,Guard,6-3,215,Canada,1997-02-23T00:00:00,7,345,30.1,16.3,3.6,3.8,1.0,0.3,APR 24 2022,"$29,467,800"
203488,Mike Muscala,Thunder,Forward-Center,6-10,240,USA,1991-07-01T00:00:00,44,432,15.5,6.2,3.2,0.9,0.3,0.5,,"$3,500,000"
1630174,Aaron Nesmith,Celtics,Guard-Forward,6-5,215,USA,1999-10-16T00:00:00,14,98,12.7,4.2,2.2,0.5,0.4,0.1,APR 23 2022,"$3,631,200"
203526,Raul Neto,Wizards,Guard,6-2,180,Brazil,1992-05-19T00:00:00,47,387,16.2,6.0,1.6,2.2,0.7,0.1,,"$2,089,448"
1627777,Georges Niang,76ers,Forward,6-7,230,USA,1993-06-17T00:00:00,50,305,14.6,6.1,2.0,0.8,0.3,0.1,APR 23 2022,"$3,300,000"
1630227,Daishen Nix,Rockets,Guard,6-4,226,USA,2002-02-13T00:00:00,Undrafted,24,10.9,3.2,1.4,1.7,0.6,0.0,,"$923,078"
1630192,Zeke Nnaji,Nuggets,Forward-Center,6-9,240,USA,2001-01-09T00:00:00,22,83,13.2,4.9,2.6,0.3,0.3,0.2,APR 24 2022,"$2,498,760"
203457,Nerlens Noel,Knicks,Center-Forward,6-11,220,USA,1994-04-10T00:00:00,6,450,22.4,7.3,6.2,1.1,1.3,1.5,,"$8,800,000"
1629669,Jaylen Nowell,Timberwolves,Guard,6-4,201,USA,1999-07-09T00:00:00,43,119,15.8,8.1,1.9,1.8,0.4,0.2,APR 23 2022,"$1,782,621"
1628373,Frank Ntilikina,Mavericks,Guard,6-4,200,France,1998-07-28T00:00:00,8,269,17.9,5.2,1.8,2.3,0.7,0.2,APR 23 2022,"$1,789,256"
1629134,Kendrick Nunn,Lakers,Guard,6-2,190,USA,1995-08-03T00:00:00,Undrafted,123,29.4,15.0,2.9,3.0,0.9,0.2,,"$5,000,000"
203994,Jusuf Nurkic,Trail Blazers,Center,6-11,290,Bosnia and Herzegovina,1994-08-23T00:00:00,16,411,23.9,12.2,8.5,2.2,0.9,1.2,,"$12,000,000"
1628021,David Nwaba,Rockets,Guard-Forward,6-5,219,USA,1993-01-14T00:00:00,Undrafted,237,19.3,6.8,3.7,1.0,0.7,0.4,,"$4,650,000"
1629670,Jordan Nwora,Bucks,Forward,6-8,225,USA,1998-09-09T00:00:00,45,92,15.9,7.2,3.1,0.7,0.5,0.3,APR 24 2022,"$1,517,981"
1626220,Royce O'Neale,Jazz,Forward,6-5,226,USA,1993-06-05T00:00:00,Undrafted,370,25.7,6.2,4.8,2.1,0.8,0.4,APR 23 2022,"$8,800,000"
1629643,Chuma Okeke,Magic,Forward,6-6,229,USA,1998-08-18T00:00:00,16,115,25.1,8.3,4.6,1.9,1.3,0.6,,"$3,277,080"
1629006,Josh Okogie,Timberwolves,Guard,6-4,213,Nigeria,1998-09-01T00:00:00,20,244,20.6,6.4,2.9,1.1,1.0,0.4,APR 23 2022,"$4,087,904"
1630168,Onyeka Okongwu,Hawks,Forward-Center,6-8,240,USA,2000-12-11T00:00:00,6,98,16.3,6.3,4.6,0.7,0.6,0.9,APR 24 2022,"$6,104,280"
1630171,Isaac Okoro,Cavaliers,Forward-Guard,6-5,225,USA,2001-01-26T00:00:00,5,134,31.0,9.2,3.0,1.9,0.9,0.3,,"$6,720,720"
203506,Victor Oladipo,Heat,Guard,6-4,213,USA,1992-05-04T00:00:00,2,462,32.8,17.4,4.6,3.9,1.6,0.5,APR 24 2022,"$2,389,641"
203482,Kelly Olynyk,Pistons,Forward-Center,6-11,240,Canada,1991-04-19T00:00:00,13,610,22.0,10.1,5.1,2.0,0.8,0.5,,"$12,195,122"
1626224,Cedi Osman,Cavaliers,Forward,6-7,230,Turkey,1995-04-08T00:00:00,31,327,24.5,10.0,3.2,2.1,0.7,0.1,,"$8,133,334"
1629672,Eric Paschall,Jazz,Forward,6-6,255,USA,1996-11-04T00:00:00,41,158,19.5,9.8,3.2,1.4,0.3,0.2,APR 23 2022,"$1,782,621"
101108,Chris Paul,Suns,Guard,6-0,175,USA,1985-05-06T00:00:00,4,1155,34.5,18.1,4.5,9.5,2.1,0.1,APR 24 2022,"$30,800,000"
1626166,Cameron Payne,Suns,Guard,6-1,183,USA,1994-08-08T00:00:00,14,279,17.9,7.6,2.2,3.2,0.7,0.2,APR 24 2022,"$6,500,000"
203901,Elfrid Payton,Suns,Guard,6-3,195,USA,1994-02-22T00:00:00,10,500,26.8,10.1,4.0,5.7,1.2,0.3,APR 24 2022,"$2,239,544"
1627780,Gary Payton II,Warriors,Guard,6-3,195,USA,1992-12-01T00:00:00,Undrafted,142,14.5,5.2,2.8,1.1,1.0,0.3,APR 24 2022,"$1,669,178"
1630691,Jamorko Pickett,Pistons,Forward,6-9,206,USA,1997-12-24T00:00:00,Undrafted,13,13.5,3.8,2.5,0.5,0.0,0.5,,"$462,629"
1629033,Theo Pinson,Mavericks,Guard-Forward,6-5,212,USA,1995-11-05T00:00:00,Undrafted,87,8.7,2.9,1.3,1.1,0.3,0.1,APR 23 2022,"$440,710"
203486,Mason Plumlee,Hornets,Forward-Center,6-11,254,USA,1990-03-05T00:00:00,22,661,22.3,8.3,6.6,2.4,0.8,0.9,,"$9,248,333"
1627751,Jakob Poeltl,Spurs,Center,7-1,245,Austria,1995-10-15T00:00:00,9,416,20.2,7.3,6.1,1.4,0.5,1.3,,"$8,750,000"
1630197,Aleksej Pokusevski,Thunder,Forward,7-0,190,Serbia,2001-12-26T00:00:00,17,106,21.9,7.8,5.0,2.2,0.6,0.8,,"$3,113,160"
1630582,Yves Pons,Grizzlies,Forward,6-5,206,France,1999-05-07T00:00:00,Undrafted,12,5.9,1.1,1.0,0.1,0.1,0.3,APR 23 2022,"$462,629"
1629673,Jordan Poole,Warriors,Guard,6-4,194,USA,1999-06-19T00:00:00,28,184,24.7,13.7,2.6,2.9,0.7,0.2,APR 24 2022,"$2,161,440"
1626171,Bobby Portis,Bucks,Forward,6-10,250,USA,1995-02-10T00:00:00,22,453,21.7,11.1,6.6,1.2,0.6,0.4,APR 24 2022,"$4,347,600"
204001,Kristaps Porzingis,Wizards,Forward-Center,7-3,240,Latvia,1995-08-02T00:00:00,4,337,30.8,18.9,7.9,1.6,0.7,1.9,,"$31,650,600"
203939,Dwight Powell,Mavericks,Forward-Center,6-10,240,Canada,1991-07-20T00:00:00,45,511,19.0,7.7,4.6,1.0,0.6,0.5,APR 23 2022,"$11,080,125"
1629619,Myles Powell,76ers,Guard,6-2,195,USA,1997-07-07T00:00:00,Undrafted,11,4.7,1.2,0.5,0.3,0.1,0.0,APR 23 2022,"$300,443"
1626181,Norman Powell,Clippers,Guard,6-3,215,USA,1993-05-25T00:00:00,46,421,22.4,11.3,2.6,1.5,0.8,0.3,,"$15,517,242"
1627752,Taurean Prince,Timberwolves,Forward,6-6,218,USA,1994-03-22T00:00:00,12,370,24.2,10.5,3.9,1.7,0.8,0.4,APR 23 2022,"$13,000,000"
1630202,Payton Pritchard,Celtics,Guard,6-1,195,USA,1998-01-28T00:00:00,26,137,16.6,6.9,2.1,1.9,0.5,0.1,APR 23 2022,"$2,137,440"
1630243,Trevelin Queen,Rockets,Guard,6-6,190,USA,1997-02-25T00:00:00,Undrafted,10,7.4,4.3,1.6,0.4,0.5,0.1,,"$303,102"
1629674,Neemias Queta,Kings,Center,7-0,248,Portugal,1999-07-13T00:00:00,39,15,8.0,3.0,2.1,0.4,0.1,0.5,,"$462,629"
1630193,Immanuel Quickley,Knicks,Guard,6-3,190,USA,1999-06-17T00:00:00,25,142,21.5,11.4,2.7,2.8,0.6,0.1,,"$2,210,640"
203944,Julius Randle,Knicks,Forward-Center,6-8,250,USA,1994-11-29T00:00:00,7,518,31.2,17.7,9.3,3.6,0.7,0.5,,"$21,780,000"
1630559,Austin Reaves,Lakers,Guard,6-5,197,USA,1998-05-29T00:00:00,Undrafted,61,23.2,7.3,3.2,1.8,0.5,0.3,,"$925,258"
1629629,Cam Reddish,Knicks,Forward-Guard,6-8,217,USA,1999-09-01T00:00:00,10,133,24.9,10.5,3.2,1.3,1.1,0.4,,"$4,670,160"
1628432,Davon Reed,Nuggets,Guard,6-5,206,USA,1995-06-11T00:00:00,32,79,12.1,3.6,1.9,0.9,0.4,0.1,APR 24 2022,"$532,398"
1630194,Paul Reed,76ers,Forward,6-9,210,USA,1999-06-14T00:00:00,58,64,7.5,3.2,2.4,0.4,0.7,0.4,APR 23 2022,"$1,517,981"
1629675,Naz Reid,Timberwolves,Center-Forward,6-9,264,USA,1999-08-26T00:00:00,Undrafted,177,17.3,9.5,4.2,1.0,0.5,1.0,APR 23 2022,"$1,782,621"
1630208,Nick Richards,Hornets,Center,7-0,245,Jamaica,1997-11-29T00:00:00,42,68,6.3,2.4,1.4,0.2,0.1,0.3,,"$1,517,981"
1626196,Josh Richardson,Spurs,Guard,6-5,200,USA,1993-09-15T00:00:00,40,438,29.8,12.0,3.1,2.7,1.1,0.6,,"$11,615,328"
203085,Austin Rivers,Nuggets,Guard,6-4,200,USA,1992-08-01T00:00:00,10,655,24.2,8.8,2.1,2.2,0.7,0.2,APR 24 2022,"$2,401,537"
1629130,Duncan Robinson,Heat,Forward,6-7,215,USA,1994-04-22T00:00:00,Undrafted,239,27.7,11.9,2.9,1.5,0.5,0.2,APR 24 2022,"$15,650,000"
1629011,Mitchell Robinson,Knicks,Center-Forward,7-0,240,USA,1998-04-01T00:00:00,36,230,23.8,8.4,7.5,0.6,0.9,2.0,,"$1,802,057"
1630526,Jeremiah Robinson-Earl,Thunder,Forward,6-8,242,USA,2000-11-03T00:00:00,32,49,22.2,7.5,5.6,1.0,0.6,0.3,,"$2,000,000"
1629676,Isaiah Roby,Thunder,Forward,6-8,230,USA,1998-02-03T00:00:00,45,109,21.9,9.1,5.1,1.6,0.8,0.7,,"$1,782,621"
200765,Rajon Rondo,Cavaliers,Guard,6-1,180,USA,1986-02-22T00:00:00,21,957,29.9,9.8,4.5,7.9,1.6,0.1,,"$7,500,000"
201565,Derrick Rose,Knicks,Guard,6-2,200,USA,1988-10-04T00:00:00,1,672,31.7,18.2,3.3,5.4,0.8,0.3,,"$13,445,120"
203082,Terrence Ross,Magic,Guard-Forward,6-6,206,USA,1991-02-05T00:00:00,8,670,24.8,11.2,2.8,1.3,0.8,0.3,,"$12,500,000"
1626179,Terry Rozier,Hornets,Guard,6-1,190,USA,1994-03-17T00:00:00,16,477,26.1,12.7,3.9,3.2,0.9,0.2,,"$17,905,263"
201937,Ricky Rubio,Pacers,Guard,6-2,190,Spain,1990-10-21T00:00:00,5,665,30.3,11.1,4.2,7.6,1.8,0.1,,"$17,800,000"
1626156,D'Angelo Russell,Timberwolves,Guard,6-4,193,USA,1996-02-23T00:00:00,2,424,29.4,17.7,3.5,5.6,1.1,0.3,APR 23 2022,"$30,013,500"
1630346,Matt Ryan,Celtics,Forward,6-7,215,USA,1997-04-17T00:00:00,Undrafted,1,5.0,3.0,0.0,0.0,1.0,0.0,APR 23 2022,"$111,669"
1627734,Domantas Sabonis,Kings,Forward-Center,6-11,240,Lithuania,1996-05-03T00:00:00,11,415,28.4,14.4,9.2,3.6,0.7,0.4,,"$18,500,000"
203967,Dario Saric,Suns,Forward-Center,6-10,225,Croatia,1994-04-08T00:00:00,12,356,25.2,11.7,5.9,2.0,0.6,0.2,APR 24 2022,"$8,510,000"
203107,Tomas Satoransky,Wizards,Guard,6-7,210,Czech Republic,1991-10-30T00:00:00,32,388,22.2,6.9,2.9,4.1,0.8,0.2,,"$10,000,000"
1630648,Jordan Schakel,Wizards,Guard,6-6,200,USA,1998-06-13T00:00:00,Undrafted,4,7.5,1.3,2.0,0.0,0.3,0.0,,"$53,176"
1629678,Admiral Schofield,Magic,Forward,6-5,241,United Kingdom,1997-03-30T00:00:00,42,71,11.8,3.5,1.9,0.6,0.2,0.1,,"$723,741"
1630206,Jay Scrubb,Clippers,Guard,6-5,220,USA,2000-09-01T00:00:00,55,22,9.4,3.8,1.4,0.4,0.4,0.1,,"$462,629"
1630578,Alperen Sengun,Rockets,Center,6-10,243,Turkey,2002-07-25T00:00:00,16,72,20.7,9.6,5.5,2.6,0.8,0.9,,"$3,214,680"
1629012,Collin Sexton,Cavaliers,Guard,6-1,190,USA,1999-01-04T00:00:00,8,218,32.9,20.0,3.0,3.3,0.8,0.1,,"$6,349,671"
1629013,Landry Shamet,Suns,Guard,6-4,190,USA,1997-03-13T00:00:00,26,262,23.3,9.0,1.8,1.6,0.4,0.1,APR 24 2022,"$3,768,342"
1630549,Day'Ron Sharpe,Nets,Forward,6-9,265,USA,2001-11-06T00:00:00,29,32,12.2,6.2,5.0,0.5,0.3,0.5,APR 23 2022,"$2,009,160"
1627783,Pascal Siakam,Raptors,Forward,6-8,230,Cameroon,1994-04-02T00:00:00,27,400,29.5,15.7,6.3,3.1,0.9,0.7,APR 23 2022,"$33,003,936"
1627732,Ben Simmons,Nets,Guard-Forward,6-11,240,Australia,1996-07-20T00:00:00,1,275,33.9,15.9,8.1,7.7,1.7,0.7,APR 23 2022,"$33,003,936"
1630250,Marko Simonovic,Bulls,Center,6-11,220,Montenegro,1999-10-15T00:00:00,44,9,3.9,1.9,1.1,0.0,0.1,0.1,APR 24 2022,"$925,258"
1629014,Anfernee Simons,Trail Blazers,Guard,6-3,181,USA,1999-06-08T00:00:00,24,211,20.7,10.2,2.2,2.0,0.4,0.1,,"$3,938,818"
1630579,Jericho Sims,Knicks,Center,6-9,250,USA,1998-10-20T00:00:00,58,41,13.5,2.2,4.1,0.5,0.3,0.5,,"$462,629"
203935,Marcus Smart,Celtics,Guard,6-4,220,USA,1994-03-06T00:00:00,6,520,29.8,10.5,3.6,4.5,1.6,0.4,APR 23 2022,"$14,339,285"
1630188,Jalen Smith,Pacers,Forward-Center,6-10,215,USA,2000-03-16T00:00:00,10,78,13.8,6.7,4.4,0.4,0.2,0.6,,"$4,458,000"
1630270,Xavier Sneed,Jazz,Forward,6-5,215,USA,1997-12-21T00:00:00,Undrafted,9,4.3,0.6,0.7,0.1,0.0,0.0,APR 23 2022,"$146,233"
203503,Tony Snell,Pelicans,Guard,6-6,213,USA,1991-11-10T00:00:00,20,601,21.8,6.1,2.3,1.1,0.4,0.2,APR 24 2022,"$2,389,641"
1630531,Jaden Springer,76ers,Guard,6-4,202,USA,2002-09-25T00:00:00,28,2,3.0,1.0,1.0,0.0,0.0,1.0,APR 23 2022,"$2,023,680"
203917,Nik Stauskas,Celtics,Guard,6-6,207,Canada,1993-10-07T00:00:00,8,343,19.5,6.7,2.0,1.5,0.4,0.2,APR 23 2022,"$534,993"
202362,Lance Stephenson,Pacers,Forward,6-5,210,USA,1990-09-05T00:00:00,40,554,22.9,8.6,4.1,2.9,0.6,0.1,,"$1,614,825"
1630205,Lamar Stevens,Cavaliers,Forward,6-6,230,USA,1997-07-09T00:00:00,Undrafted,103,14.7,5.3,2.5,0.7,0.5,0.3,,"$1,517,981"
1630191,Isaiah Stewart,Pistons,Forward-Center,6-8,250,USA,2001-05-22T00:00:00,16,139,23.5,8.1,7.7,1.0,0.4,1.2,,"$3,277,080"
1629622,Max Strus,Heat,Guard-Forward,6-5,215,USA,1996-03-28T00:00:00,Undrafted,109,19.3,8.8,2.2,1.1,0.4,0.2,APR 24 2022,"$1,669,178"
1630591,Jalen Suggs,Magic,Guard,6-5,205,USA,2001-06-03T00:00:00,5,48,27.2,11.8,3.6,4.4,1.2,0.4,,"$6,592,920"
1630256,Jae'Sean Tate,Rockets,Forward,6-4,230,USA,1995-10-28T00:00:00,Undrafted,148,27.7,11.6,5.4,2.7,1.1,0.5,,"$1,517,981"
1628369,Jayson Tatum,Celtics,Forward-Guard,6-8,210,USA,1998-03-03T00:00:00,3,365,33.4,20.9,6.6,3.0,1.1,0.7,APR 23 2022,"$28,103,500"
1630678,Terry Taylor,Pacers,Forward,6-5,230,USA,1999-09-23T00:00:00,Undrafted,33,21.6,9.6,5.2,1.2,0.4,0.2,,"$895,125"
202066,Garrett Temple,Pelicans,Guard-Forward,6-5,195,USA,1986-05-08T00:00:00,Undrafted,691,21.4,6.4,2.3,1.7,0.8,0.3,APR 24 2022,"$4,910,000"
1630179,Tyrell Terry,Grizzlies,Guard,6-2,160,USA,2000-09-28T00:00:00,31,13,4.5,1.0,0.5,0.5,0.4,0.0,APR 23 2022,"$1,869,438"
1628464,Daniel Theis,Celtics,Forward-Center,6-9,245,Germany,1992-04-04T00:00:00,Undrafted,306,19.6,7.6,4.9,1.3,0.5,0.9,APR 23 2022,"$8,280,351"
1630271,Brodric Thomas,Celtics,Guard,6-5,185,USA,1997-01-28T00:00:00,Undrafted,44,10.4,3.3,1.4,0.9,0.4,0.3,APR 23 2022,"$462,629"
1630560,Cam Thomas,Nets,Guard,6-3,210,Japan,2001-10-13T00:00:00,27,67,17.6,8.5,2.4,1.2,0.5,0.1,APR 23 2022,"$2,036,280"
202738,Isaiah Thomas,Hornets,Guard,5-9,185,USA,1989-02-07T00:00:00,60,550,28.3,17.7,2.4,4.8,0.9,0.1,,"$910,926"
1629744,Matt Thomas,Bulls,Guard,6-3,190,USA,1994-08-04T00:00:00,Undrafted,126,9.7,4.0,1.2,0.5,0.2,0.0,APR 24 2022,"$1,669,178"
202691,Klay Thompson,Warriors,Guard,6-6,220,USA,1990-02-08T00:00:00,11,647,32.9,19.5,3.5,2.3,0.9,0.5,APR 24 2022,"$37,980,720"
202684,Tristan Thompson,Bulls,Center-Forward,6-9,254,Canada,1991-03-13T00:00:00,4,730,26.8,9.0,8.4,1.0,0.5,0.7,APR 24 2022,"$9,946,611"
1630550,JT Thor,Hornets,Forward,6-9,203,USA,2002-08-26T00:00:00,37,33,7.9,2.0,1.3,0.6,0.2,0.3,,"$1,250,000"
1629680,Matisse Thybulle,76ers,Guard-Forward,6-5,201,USA,1997-03-04T00:00:00,20,196,21.8,4.8,1.9,1.1,1.6,1.0,APR 23 2022,"$2,840,160"
1629681,Killian Tillie,Grizzlies,Forward-Center,6-9,220,France,1998-03-05T00:00:00,Undrafted,54,11.9,3.2,1.6,0.6,0.5,0.4,APR 23 2022,"$1,901,625"
1630214,Xavier Tillman,Grizzlies,Forward,6-8,245,USA,1999-01-12T00:00:00,35,112,15.9,5.7,3.7,1.2,0.8,0.4,APR 23 2022,"$1,517,981"
1630225,Isaiah Todd,Wizards,Forward,6-9,219,USA,2001-10-17T00:00:00,31,12,6.2,1.7,1.0,0.3,0.3,0.2,,"$1,500,000"
1630167,Obi Toppin,Knicks,Forward,6-9,220,USA,1998-03-04T00:00:00,8,134,14.3,6.7,3.0,0.8,0.3,0.4,,"$5,105,160"
1629308,Juan Toscano-Anderson,Warriors,Forward,6-6,209,USA,1993-04-10T00:00:00,Undrafted,139,17.1,4.8,3.3,2.2,0.7,0.3,APR 24 2022,"$1,701,593"
1626157,Karl-Anthony Towns,Timberwolves,Center-Forward,6-11,248,USA,1995-11-15T00:00:00,1,482,34.2,23.2,11.3,3.1,0.8,1.4,APR 23 2022,"$31,650,600"
1629730,Rayjon Tucker,Bucks,Guard,6-3,209,USA,1997-09-24T00:00:00,Undrafted,39,7.7,3.0,1.0,0.5,0.2,0.0,APR 24 2022,"$220,639"
1626167,Myles Turner,Pacers,Center-Forward,6-11,250,USA,1996-03-24T00:00:00,11,431,28.7,12.7,6.7,1.2,0.7,2.3,,"$18,000,000"
202685,Jonas Valanciunas,Pelicans,Center,6-11,265,Lithuania,1992-05-06T00:00:00,5,695,26.1,13.4,9.5,1.2,0.4,1.0,APR 24 2022,"$14,000,000"
1627832,Fred VanVleet,Raptors,Guard,6-1,197,USA,1994-02-25T00:00:00,Undrafted,348,28.3,13.7,3.2,4.9,1.3,0.4,APR 23 2022,"$19,675,926"
1629020,Jarred Vanderbilt,Timberwolves,Forward,6-9,214,USA,1999-04-03T00:00:00,41,166,18.9,5.4,6.2,1.1,1.0,0.6,APR 23 2022,"$4,050,000"
1630170,Devin Vassell,Spurs,Guard-Forward,6-5,200,USA,2000-08-23T00:00:00,11,133,22.5,9.1,3.6,1.4,0.9,0.4,,"$4,235,160"
1629216,Gabe Vincent,Heat,Guard,6-3,200,USA,1996-06-14T00:00:00,Undrafted,127,18.3,6.7,1.5,2.2,0.7,0.1,APR 24 2022,"$1,669,178"
202696,Nikola Vucevic,Bulls,Center,6-10,260,Montenegro,1990-10-24T00:00:00,16,741,30.9,16.9,10.4,2.7,0.9,0.9,APR 24 2022,"$24,000,000"
1629731,Dean Wade,Cavaliers,Forward-Center,6-9,228,USA,1996-11-20T00:00:00,Undrafted,126,18.0,5.3,3.0,1.0,0.5,0.3,,"$1,782,621"
1630532,Franz Wagner,Magic,Forward,6-10,220,Germany,2001-08-27T00:00:00,8,79,30.7,15.2,4.5,2.9,0.9,0.4,,"$5,007,840"
1629021,Moritz Wagner,Magic,Forward-Center,6-11,245,Germany,1997-04-26T00:00:00,25,196,15.1,7.5,3.5,1.1,0.4,0.3,,"$1,729,217"
202689,Kemba Walker,Knicks,Guard,6-0,184,USA,1990-05-08T00:00:00,9,741,33.3,19.5,3.8,5.3,1.2,0.4,,"$34,967,442"
202322,John Wall,Rockets,Guard,6-3,210,USA,1990-09-06T00:00:00,1,613,35.6,19.1,4.3,9.1,1.7,0.7,,"$44,310,840"
1629139,Yuta Watanabe,Raptors,Guard-Forward,6-9,215,Japan,1994-10-13T00:00:00,Undrafted,121,12.0,3.8,2.5,0.6,0.4,0.3,APR 23 2022,"$1,762,796"
1630322,Lindy Waters III,Thunder,Forward,6-6,215,USA,1997-07-28T00:00:00,Undrafted,25,18.6,8.0,2.9,1.0,0.8,0.3,,"$159,527"
1630570,Trendon Watford,Trail Blazers,Forward,6-8,237,USA,2000-11-09T00:00:00,Undrafted,48,18.1,7.6,4.1,1.7,0.5,0.6,,"$768,830"
1629683,Quinndary Weatherspoon,Warriors,Guard,6-3,205,USA,1996-09-10T00:00:00,49,42,6.5,2.1,0.8,0.6,0.3,0.1,APR 24 2022,"$346,491"
201566,Russell Westbrook,Lakers,Guard,6-3,200,USA,1988-11-12T00:00:00,4,1021,34.7,22.8,7.4,8.4,1.7,0.3,,"$44,211,146"
1629632,Coby White,Bulls,Guard,6-4,195,USA,2000-02-16T00:00:00,7,195,28.2,13.7,3.6,3.5,0.6,0.2,APR 24 2022,"$5,837,760"
1628401,Derrick White,Celtics,Guard,6-4,190,USA,1994-07-02T00:00:00,29,263,25.9,11.5,3.3,3.8,0.8,0.8,APR 23 2022,"$15,678,571"
202355,Hassan Whiteside,Jazz,Center,7-0,265,USA,1989-06-13T00:00:00,33,511,24.7,12.6,10.8,0.6,0.5,2.2,APR 23 2022,"$2,401,537"
1630580,Joe Wieskamp,Spurs,Guard-Forward,6-6,205,USA,1999-08-23T00:00:00,41,29,7.1,2.1,0.5,0.3,0.1,0.1,,"$563,663"
1630598,Aaron Wiggins,Thunder,Guard,6-4,190,USA,1999-01-02T00:00:00,55,50,24.2,8.3,3.6,1.4,0.6,0.2,,"$1,305,761"
203952,Andrew Wiggins,Warriors,Forward,6-7,197,Canada,1995-02-23T00:00:00,1,598,35.0,19.3,4.4,2.3,1.0,0.7,APR 24 2022,"$31,579,390"
1629623,Lindell Wigginton,Bucks,Guard,6-1,189,Canada,1998-03-28T00:00:00,,19,10.5,4.2,1.3,1.2,0.3,0.1,APR 24 2022,"$233,973"
1630314,Brandon Williams,Trail Blazers,Guard,6-2,190,USA,1999-11-22T00:00:00,Undrafted,24,26.7,12.9,3.1,3.9,1.0,0.4,,"$180,798"
1629684,Grant Williams,Celtics,Forward,6-6,236,USA,1998-11-30T00:00:00,22,209,19.4,5.4,3.0,1.0,0.5,0.6,APR 23 2022,"$2,617,800"
1629026,Kenrich Williams,Thunder,Guard-Forward,6-6,210,USA,1994-12-02T00:00:00,Undrafted,200,22.1,6.5,4.5,2.0,0.9,0.3,,"$2,000,000"
1630172,Patrick Williams,Bulls,Forward,6-7,215,USA,2001-08-26T00:00:00,4,88,27.3,9.2,4.5,1.3,0.8,0.6,APR 24 2022,"$7,422,000"
1630533,Ziaire Williams,Grizzlies,Forward,6-9,185,USA,2001-09-12T00:00:00,10,62,21.7,8.1,2.1,1.0,0.6,0.2,APR 23 2022,"$4,373,040"
1629627,Zion Williamson,Pelicans,Forward,6-6,284,USA,2000-07-06T00:00:00,1,85,31.7,25.7,7.0,3.2,0.9,0.6,APR 24 2022,"$10,733,400"
1629685,Dylan Windler,Cavaliers,Guard-Forward,6-6,196,USA,1996-09-22T00:00:00,26,81,12.0,3.3,2.4,0.8,0.4,0.2,,"$2,239,200"
1626159,Justise Winslow,Trail Blazers,Forward-Guard,6-6,222,USA,1996-03-26T00:00:00,10,315,25.8,8.4,5.1,2.5,0.9,0.4,,"$3,902,439"
1630216,Cassius Winston,Wizards,Guard,6-1,185,USA,1998-02-28T00:00:00,53,29,4.7,1.9,0.3,0.7,0.1,0.0,,"$462,629"
1630164,James Wiseman,Warriors,Center,7-0,240,USA,2001-03-31T00:00:00,2,39,21.4,11.5,5.8,0.7,0.3,0.9,APR 24 2022,"$9,166,800"
1626174,Christian Wood,Rockets,Forward,6-9,214,USA,1995-09-27T00:00:00,Undrafted,222,23.6,14.2,7.3,1.3,0.6,0.9,,"$13,666,667"
1626153,Delon Wright,Hawks,Guard,6-5,185,USA,1992-04-26T00:00:00,20,411,20.9,7.2,3.2,3.0,1.2,0.4,APR 24 2022,"$8,526,316"
1630589,Moses Wright,Mavericks,Forward,6-8,226,USA,1998-12-23T00:00:00,Undrafted,4,3.8,1.3,0.8,0.5,0.0,0.3,APR 23 2022,"$172,821"
201152,Thaddeus Young,Raptors,Forward,6-8,235,USA,1988-06-21T00:00:00,12,1085,29.3,12.8,5.8,1.8,1.4,0.4,APR 23 2022,"$14,190,000"
1629027,Trae Young,Hawks,Guard,6-1,164,USA,1998-09-19T00:00:00,5,280,33.6,25.3,3.9,9.1,0.9,0.2,APR 24 2022,"$8,326,471"
1630209,Omer Yurtseven,Heat,Center,6-11,275,Turkey,1998-06-19T00:00:00,Undrafted,56,12.6,5.3,5.3,0.9,0.3,0.4,APR 24 2022,"$1,489,065"
1627826,Ivica Zubac,Clippers,Center,7-0,240,Croatia,1997-03-18T00:00:00,32,360,19.0,8.3,6.5,1.1,0.3,0.8,,"$7,518,518"
